title,url,module,key1,key2,key3,key4,key5,key6,key7,key8,key9,key10,name,place
COMEX黄金升破1400美元关口！黄金概念股集体拉升,http://www.chinanews.com/stock/2019/06-21/8871165.shtml,中美贸易影响,黄金,美联储,降息,牛市,旺季,花旗,表现,指出,利率,季节性,慈航/利多,山东/美国/长安
德勤预测今年上半年香港新股市场排名全球第三,http://www.chinanews.com/cj/2019/06-19/8869427.shtml,中美贸易影响,新股,上半年,香港,市场,上市,德勤,集资,内地,中国,巿,张炜/欧美伊/吴晓辉,香港/中国/英国
香港最新失业率保持2.8%,http://www.chinanews.com/ga/2019/06-19/8869486.shtml,中美贸易影响,就业,香港,失业率,期间,大致,行业,稳定,经济,情况,光,刘辰瑶/鄂志寰,香港/湾区
港股大幅上扬连升第三天,http://www.chinanews.com/cj/2019/06-19/8869574.shtml,中美贸易影响,升,香港,中国,科技,市,港股,当日,成份股,恒指,中新社,梁今/欧振兴,香港/中国/金沙/银河/上海/尚志
柬埔寨各界人士批评美国贸易保护主义政策,http://www.chinanews.com/gj/2019/06-17/8867313.shtml,中美贸易影响,美国,柬埔寨,世界,单边主义,经济,国家,保护主义,挑起,贸易摩擦,全球,毛鹏飞/贺南洪/卡利安/强万纳/贝尔泰/约瑟夫马修斯/马修斯/埃塔,金边/柬埔寨/美国/亚洲/中国
人民日报署名文章：世上本无“修昔底德陷阱”,http://www.chinanews.com/gn/2019/06-18/8867583.shtml,中美贸易影响,美国,中国,世界,全球,国际,战略,发展,华盛顿,博弈,经济,修昔底/格雷厄姆/艾利森/习近平/戚戚/华盛顿/托马斯弗里德曼/史蒂夫班农/李光耀/卡菲舍尔/额达/福布斯/马丁沃尔夫/克雷格艾伦/克里斯库恩斯/董云裳/约瑟夫奈/霍布斯/杰弗里萨克斯/基辛格/福美/爱因斯坦/傅立民/吉米卡特/马哈蒂尔/布热津斯基/罗伯特库珀,美国/北京/古希腊/德伯/雅典/斯巴达/真如/关中/中国/白宫/新加坡/德国/苏联/伊拉克/美中/英国/东亚/韩国/南非/中美合作/以利/马来西亚/欧洲
威胁越升级，反制越坚决,http://www.chinanews.com/gn/2019/06-15/8865663.shtml,中美贸易影响,中国,美国,美方,贸易战,反制,事情,施压,国家,国内,发展,陶然/白来/谈白/白见/特朗普/彭博社/令狐,中国/美国/大阪/赣南/日本/阿根廷
美国企业和贸易协会敦促政府勿对中国商品加征关税,http://www.chinanews.com/gn/2019/06-14/8864731.shtml,中美贸易影响,美国,关税,加征,中国,美国政府,企业,信函,贸易,协会,商品,华盛顿/许缘/特朗普,美国/中国
反对单边贸易保护主义——来自中土经贸合作交流会的声音,http://www.chinanews.com/gn/2019/06-13/8863812.shtml,中美贸易影响,中国,土耳其,土,国家,一带,美国,发展,合作,国,华为,邓励/佩林切克多/佩林切克/扎克/昆波/苏宁/塔什/尤德/耶尔德兹/尔凯尔/冯源,土耳其/安卡拉/中国/美国/伊斯坦布尔/西方/亚洲
亚美尼亚友人：美国挑起对华经贸摩擦是软弱和盲目的表现,http://www.chinanews.com/gn/2019/06-13/8863854.shtml,中美贸易影响,美国,彼得罗相,中国,美国政府,挑起,摩擦,和平,亚美尼亚,国家,新华社,彼得罗相/李佳,亚美尼亚/美国/明斯克/中国/欧洲/亚洲/非洲/拉丁美洲
李稻葵谈中美贸易战：美国是对全球生产价值链“开刀”,http://www.chinanews.com/gn/2019/06-13/8863858.shtml,中美贸易影响,中美,全球,价值链,开刀,经贸关系,谢艺观,清华大学,中国,远,经济,谢艺观/李稻葵/斯穆特霍利,北京/中国/美国
捷克众议院副议长：中美经贸摩擦不会影响捷克企业与中国合作意愿,http://www.chinanews.com/gn/2019/06-11/8861502.shtml,中美贸易影响,中国,合作,国家,捷克,菲利普,国,美国,摩擦,美国政府,措施,杨晓红/沃伊捷/菲利普,布拉格/捷克/摩拉维亚/中国/欧洲/美国
5月我国出口小幅反弹 稀土出口环比下降16%,http://www.chinanews.com/cj/2019/06-11/8860961.shtml,中美贸易影响,出口,下降,我国,稀土,进口,增长,中国,数据,反弹,大豆,额达/华鑫/彭波/白明/潘亦纯,中国/美国
上月我国稀土出口较4月下降16%,http://www.chinanews.com/cj/2019/06-11/8860964.shtml,中美贸易影响,我国,显示,进出口,下降,总值,外贸,同比,增长,数据,贸易,张钦,美国/东盟/日本/中欧
6月降准会来吗？央行7100亿巨量投放 背后信息量很大,http://www.chinanews.com/cj/2019/06-11/8860994.shtml,中美贸易影响,央行,货币政策,降,流动性,准,市场,政策,利率,降息,中小银行,董湘/王潮/季末/易纲/彭博社/鲍威尔/杨业伟/温彬/张义华/董希淼/姜超/费仍,中国/澳洲/印度/美国/西南/日本
感谢美国政客让中国青年更明白奋斗的意义,http://www.chinanews.com/gn/2019/06-11/8861006.shtml,中美贸易影响,奋斗,艰苦奋斗,美国,政客,中国,明白,道理,贸易摩擦,国家,意义,,美国/中国
前5月货贸进出口总值12.1万亿元 同比增4.1%,http://www.chinanews.com/cj/2019/06-11/8861023.shtml,中美贸易影响,外贸,我国,发展,增长,进出口,贸易,进口,环境,出口,新,李魁文/张建平,中欧/东盟/美国/综合保税区/中国/加大力度
摒弃“恐美崇美”心态,http://www.chinanews.com/gn/2019/06-11/8861039.shtml,中美贸易影响,中国,人民,发展,美国,崇美,恐,精神,美方,面对,坚强,崇美/仇华/习近平,中国/西方/朝鲜/鸭绿江/中国站/美国
媒体评中美贸易争端：美国农民“耐心正在丧失”,http://www.chinanews.com/cj/2019/06-11/8861046.shtml,中美贸易影响,美国,贸易,关税,中国,农民,经济,政策,争端,大豆,采访,吴乐珺/比斯马克/玛丽罗斯/玛丽/罗伯沙/农耕耘/伯特/戴夫/华盛顿/约翰黑斯多夫/库德洛,美国/堪萨斯/堪萨斯城/农场/西方/伊利诺伊州/中国/肯塔基州/威斯康星州/艾奥瓦州/白宫/蒙上
外交部就美国计划向台湾出售武器、5G商用牌照等答问,http://www.chinanews.com/gn/2019/06-06/8858132.shtml,中美贸易影响,战略,稳定,国际,发展,答,中方,G,合作,领域,国,坦克/习近平/国元首/韩本周/习主席/韩中方/韩方/特朗普/普京,美国/台湾/中国/莫斯科/俄罗斯/中华人民共和国/中俄/沙特阿拉伯/中沙/韩国/大阪/来源国/华中
这8组数据告诉你美国“吃亏”论为什么站不住脚,http://www.chinanews.com/gn/2019/06-06/8858145.shtml,中美贸易影响,美国,贸易逆差,中美,吃亏,数据,经贸合作,组,报告,宣扬,借口,,美国
中国商务部报告：美国在中美经贸合作中获益巨大,http://www.chinanews.com/cj/2019/06-06/8858118.shtml,中美贸易影响,经济,美国,报告,经贸合作,中美,国,指出,称,就业,吃亏,李晓喻,北京/美国/中国
国际锐评：算算细账，美国“吃亏论”完全站不住脚,http://www.chinanews.com/gn/2019/06-06/8858182.shtml,中美贸易影响,美国,中国,贸易,国际,美方,贸易逆差,逆差,分析,中方,中美,史蒂芬罗奇,中国/美国/日本/加拿大/韩国/瑞士/挪威/新西兰/巴西/墨西哥/印度
商务部密集回应中美贸易摩擦：重大原则问题上不会让步,http://www.chinanews.com/gn/2019/06-06/8858172.shtml,中美贸易影响,美方,中方,美国,中国,企业,问,磋商,答,贸易,经贸合作,赵隽/彭斯特朗普/须系铃/顾美/特朗普/应询/方见/谈答,美国/中国/巴西/阿根廷/西班牙/加拿大/英国/荷兰
中方：美国名校录取中国学生数量和往年大体相当,http://www.chinanews.com/gn/2019/06-03/8855098.shtml,中美贸易影响,学生,中国,莱斯,大陆,续梅,美国,高校,留学,马海燕,校长,马海燕/续梅/莱斯,中国/大陆/美国
广东省长：中美经贸摩擦对广东影响总体可控,http://www.chinanews.com/gn/2019/06-03/8855176.shtml,中美贸易影响,广东,马兴瑞,创新,企业,推动,发展,鼓励,基础,研究,影响,蒋涛/马兴瑞,北京/广东/广东省/中国/湾区
贸易战里的美国格局：利益面前，万般皆下品,http://www.chinanews.com/gn/2019/06-03/8855240.shtml,中美贸易影响,美国,中国,华为,国际,企业,国家,学术,当局,科技,底线,刘欣/福克斯/里根/特斯拉特斯拉/特斯拉/任正非/令于/埃默里/李晓江/李世华/奕群/少好真/孙脸/阿尔斯通高/孟晚舟/谈美/刘斯郎,美国/中国/西方/欧洲/意大利/匈牙利/英国/德国/上海/美利坚/法国
人民日报：科学不是自私自利的享乐,http://www.chinanews.com/gn/2019/06-04/8855333.shtml,中美贸易影响,中国,美国,学生,学者,赴美,教育,美方,交流,中方,威胁,莱斯,美国/中国/好莱坞
专家解读发布赴美留学预警的背景和影响,http://www.chinanews.com/gn/2019/06-04/8855334.shtml,中美贸易影响,学生,美国,中国,教育,交流,留学,赴美,学者,留学人员,合作,怀愿/续梅/莱斯/梅莱斯,美国/中国/大陆
债务不是“陷阱”，偏见才是,http://www.chinanews.com/cj/2019/06-04/8855372.shtml,中美贸易影响,中国,建设,债务,一带,国家,美国,基础设施,国际,经济,研究,郭岩婧/阿玛达/佩奥/德博拉布蒂格姆/努尔艾哈迈德,北极/中国/西方/美国/俄罗斯/北极圈/工业园区/非洲/亚的斯亚贝巴/马尔代夫/马累/肯尼亚/乌兹别克斯坦/偏远地区/斯里兰卡/巴基斯坦
尼泊尔农工党主席：中国对中美经贸摩擦的态度很成熟,http://www.chinanews.com/gj/2019/06-04/8855515.shtml,中美贸易影响,中国,摩擦,尼泊尔,比久,切,中美,立场,令人信服,国际,态度,张晨翼/巴德,加德满都/尼泊尔/中国/美国/印度
美方行为正使中美教育合作遭遇寒流,http://www.chinanews.com/gn/2019/06-04/8855682.shtml,中美贸易影响,中国,交流,学生,美国,教育,合作,国,赴美,留学,中美,徐永吉/莱斯/续梅/怀愿/袁明/叶雨婷,美国/中国/大陆/燕京/北京
美中合作委员会会长：贸易保护主义无法解决经贸摩擦,http://www.chinanews.com/gn/2019/06-04/8855872.shtml,中美贸易影响,范波,合作,解决,美国,摩擦,中国,贸易,经济,中美,中美关系,范波/高路刘/伟美,休斯敦/美国/中国/北京
港台媒体评贸易摩擦：多边互利VS“美国优先” 中美高下立判,http://www.chinanews.com/tw/2019/06-04/8855945.shtml,中美贸易影响,美国,中国,贸易摩擦,白皮书,全球,大陆,经济,评论,香港,企业,张宇/张燕生/特朗普华盛顿/特朗普/摩根士丹利/张斌,中国/美国/北京/香港/台湾/华尔街/福州/大陆
商务部发布报告驳斥美方对华贸易“吃亏”论,http://www.chinanews.com/gn/2019/06-06/8858229.shtml,中美贸易影响,报告,美国,经贸合作,美方,对华贸易,逆差,吃亏,对华,经济,贸易,,北京/美国/法国/中国
郭树清：美国从中美经贸往来中得到的好处，相当于从一头牛身上剥下了许多张皮,http://www.chinanews.com/gn/2019/06-06/8858257.shtml,中美贸易影响,中国,美国,市场,金融,经济,企业,汇率,风险,人民币,产品,郭树清/肖远企/欧美总/保理/叶公好龙/渡边太太/陆敏,美国/德国/日本/亚洲/中国/印度/越南/印尼/菲律宾/孟加拉
前四个月中国自美国进口大豆下降逾70% 猪肉进口缩水过半,http://www.chinanews.com/cj/2019/06-06/8858261.shtml,中美贸易影响,中国,贸易,增长,高峰,进口,同比,猪肉,数据,大豆,新闻,李晓喻,北京/中国/巴西/阿根廷/西班牙/加拿大/英国/荷兰/东盟/日本
白俄罗斯经济学家科瓦廖夫：美国对中国发起贸易战会抑制世界经济增长,http://www.chinanews.com/gn/2019/06-06/8858282.shtml,中美贸易影响,中国,美国,世界,科瓦廖夫,经济,贸易摩擦,增长,优质产品,经济学家,白俄罗斯,科瓦廖夫/魏忠杰/李佳/廖夫,美国/中国/白俄罗斯/明斯克
前5月进出口总值同比增长4.1% 外贸稳中提质趋势不改,http://www.chinanews.com/cj/2019/06-11/8861133.shtml,中美贸易影响,外贸,我国,增长,稳,贸易,发展,进出口,经济,中国,占,顾阳/李魁/杨长湧,中国/东盟/美国/日本/中欧
油价年内最大降幅来袭 汽油将重返“6元时代”,http://www.chinanews.com/cj/2019/06-11/8861253.shtml,中美贸易影响,原油,国内,成品油,汽油,下调,卓创,美国,调价,大幅,扬子晚报,元时代/徐兢/卓创/臧文刚,江苏/美国/墨西哥
前5月中国进出口总值同比增长4.1% 外贸稳中提质趋势不改,http://www.chinanews.com/cj/2019/06-11/8861407.shtml,中美贸易影响,外贸,我国,增长,贸易,稳,发展,经济,进出口,中国,占,李魁/杨长湧/顾阳,中国/东盟/美国/日本/中欧
麻辣财经：缩小贸易逆差，美“关税大棒”无效！,http://www.chinanews.com/cj/2019/06-11/8861572.shtml,中美贸易影响,外贸,贸易,中国,发展,我国,增长,进出口,美国,进口,市场,张建平/杜海涛/李丽辉,中国/美国/中欧/东盟/日本/综合保税区/加大力度
“逆势”增长4.1%，中国外贸稳中有进,http://www.chinanews.com/cj/2019/06-11/8861860.shtml,中美贸易影响,中国,外贸,总值,发展,世界,进出口,增长,进一步,持续,贸易,王孝松/孟庆川,连云港/中国/美国/东盟/日本/中欧
科创板第二批过会企业研发投入营收占比不及首批,http://www.chinanews.com/sh/2019/06-12/8862031.shtml,中美贸易影响,企业,股份,微,产品,睿创,纳,客户,创,收入,问询,全过/福光/华兴源/睿创/泰科/陈文源/曾就职/夏普/马宏/微芯/安讯士/占高/兴杭/康缘/成渝多/杭可/南微/技光/乐鑫/安恒/瑞新材/高华/张茜/成睿创/占当期/代持/孙仕中/昌根/尚昌根/方平/孙仕/中和尚/方平仍/昌根代/顾志娟,福建/苏州/烟台/日本/江苏/山东/兴源/大通/厦门/中国/安徽/四川/潍坊/杭州/广东/珠江/美国/开发区
记者调查：关税令美自行车产业举步维艰,http://www.chinanews.com/gj/2019/06-12/8862686.shtml,中美贸易影响,美国,中国,自行车,关税,制造业,贸易,生产,加征,进口,厂商,华盛顿/令美/孙丁/熊茂伶/胡友松/阿诺德卡姆勒/卡姆勒/扎卡里帕沙克/沙克/马基特/埃里克赫斯特/鲍勃马格维丘斯/马格维丘斯/萨克,美国/中国/美国纽约/南卡罗来纳州/密歇根州/临高/英国
外交部就中哈关系未来发展、半岛问题解决前景等答问,http://www.chinanews.com/gn/2019/06-12/8862988.shtml,中美贸易影响,经济,答,问,中国,中方,美国,总统,香港,合作,美方,耿爽/胡春华/菲利普/王毅/瓦利德穆阿利姆/林郑月娥/托卡耶夫/习近平/张建宗/佩洛西/博尔顿/中叙/穆阿利姆/普京/特朗普,英国/哈蒙德/阿拉伯叙利亚共和国/哈萨克斯坦/中国/香港/美国/俄罗斯/朝鲜/德州/伊拉克/新加坡/太平洋/叙利亚/圣彼得堡/印度/大阪
中方：任何试图挑拨中俄关系的图谋都不会得逞,http://www.chinanews.com/gn/2019/06-12/8863006.shtml,中美贸易影响,总统,普京,经济,耿爽,世界,俄罗斯,国际,谚语,中国,提问,黄钰钦/宋蕙/耿爽/普京/习近平,北京/俄罗斯/圣彼得堡/中国/美国
中国力促进出口多元化 要“全球卖”也要“全球买”,http://www.chinanews.com/cj/2019/06-12/8863087.shtml,中美贸易影响,中国,市场,多元化,出口,进口,发展,国际,企业,进出口,协定,李克强/王孝松/孝松/道坎/白明/赵萍/商签/王受文,中国/北京/江苏/连云港/东盟/日本/美国/智利/阿根廷/法国/韩国/瑞士/新加坡/巴基斯坦/以色列/斯里兰卡
重磅|AI大数据智慧农业的商业蝶变,http://www.chinanews.com/business/2019/06-13/8863563.shtml,中美贸易影响,农业,产业,沈红兵,玉米,智慧,森,禾智慧,模式,智能,数据,沈红兵/禾智慧/金穗/冯岩/张钦程/禾万/田智慧,克拉玛依/新疆/新疆地区/克拉玛依市/北京/昆仑/长江/多维度/中国
久欣投资品牌发布暨久欣投资2019资产配置高峰论坛在上海成功举办,http://www.chinanews.com/business/2019/06-13/8863622.shtml,中美贸易影响,投资,中国,财富,欣,久,管理,资产,配置,经济,美国,殷豪文/松祚/特朗普/班农/秦朔,中国/上海/苏州/杭州/武汉/郑州/兰州/北京/天津/深圳/南京/成都/宁波/陆家嘴/美国/难民营/德国/日本/印度/澳大利亚/亚太区
中国学者澄清中美经贸摩擦三大误区,http://www.chinanews.com/cj/2019/06-13/8864218.shtml,中美贸易影响,美国,中国,中美,经济,全球,美方,摩擦,贸易,研究院,发展,王恩博/阮宗泽/贾康/吴晓求/特朗普/李稻葵/斯穆特霍利/鞠建东,中国/北京/美国/长白/华尔街
学者：美国破坏中美经贸关系是对全球生产价值链“开刀”,http://www.chinanews.com/cj/2019/06-13/8864296.shtml,中美贸易影响,美国,中国,全球,中美,经济,贸易逆差,贸易,国家,价值链,合作,谢艺观/白重恩/刘涛雄/许宪春/李稻葵/斯穆特霍利/斯穆特/霍利/鞠建东/阮宗泽/苏世民/薛澜,北京/美国/中国/长白/欧洲
中美经贸问题上，美国犯了哪些错？,http://www.chinanews.com/gn/2019/06-13/8864312.shtml,中美贸易影响,美国,中国,全球,经济,价值链,贸易逆差,指出,国家,技术,体系,特朗普/李颖/斯穆特/霍利/李稻葵/阮宗泽/吴晓求/彼得森/苏世民/薛澜/白重恩/鞠建东/雷曼/秋霞,美国/中国/欧洲/长白/华尔街
新华国际时评：“美国受损”才是真相,http://www.chinanews.com/gn/2019/06-13/8864320.shtml,中美贸易影响,美国,关税,美方,中国,加征,贸易战,受损,美国政府,经济,贸易,乔继红/郑汉根/齐皮杜瓦尔/特朗普/华盛顿/加里夏皮罗/成真/布拉德福德,美国/北京/中国/农场/德国/英国/德朗
辛识平：再三威胁不是化解僵局的正确态度,http://www.chinanews.com/gn/2019/06-13/8864325.shtml,中美贸易影响,美方,美国,威胁,中方,磋商,贸易战,国际,原则,一再,达成协议,辛识平,北京/大阪/美国/中国
美国挑起经贸摩擦，最大受害者是全世界,http://www.chinanews.com/gn/2019/06-14/8864504.shtml,中美贸易影响,美国,中国,摩擦,经济,挑起,中美,清华大学,国家,全球,贸易,李稻葵/吴晓求/苏世民/薛澜/斯穆特霍利/刘涛雄/许宪春/阮宗泽/屈信明/王远,美国/中国/长白
一部法案，一通电话和一本书，三任美国总统的选择,http://www.chinanews.com/gn/2019/06-14/8864548.shtml,中美贸易影响,美国,中国,总统,经济,法案,国家,李稻葵,贸易,世界,清华大学,丁飞/胡佛/卡特/李稻葵/阮宗泽/吴晓求/白重恩/王晶/果或/斯穆特/霍利/果远超/特朗普/亚马逊/吉米卡特,北京/美国/中国/长白/日本/佐治亚州
马来西亚政党人士：美方应展示诚意解决中美贸易摩擦,http://www.chinanews.com/gj/2019/06-14/8864801.shtml,中美贸易影响,郑立慷,中国,贸易摩擦,中美,贸易,美方,自由贸易,中方,马来西亚,国,郁玮/郑立慷/马方,吉隆/马来西亚/美国/中国/中马
【金沙滩】中美经贸摩擦的这些问题你真的清楚吗？（之十）,http://www.chinanews.com/gn/2019/06-14/8864932.shtml,中美贸易影响,经济,中国,发展,增长,我国,摩擦,优势,新,影响,挑战,范建平,中国/美国
周小川：贸易摩擦可能再度触发全球多个国家汇率竞争性贬值,http://www.chinanews.com/cj/2019/06-14/8864952.shtml,中美贸易影响,周小川,贸易,贸易摩擦,很大,政策,全球,发展,金融,宏观政策,人民币,缪璐/周小川/刘关关,上海/陆家嘴/中国
金砖国家新开发银行行长：中美贸易摩擦将加速人民币国际化进程,http://www.chinanews.com/cj/2019/06-14/8864980.shtml,中美贸易影响,人民币,上海,马特,货币,新,卡,全球,发展中国家,国家,金砖,苗缪璐/卡马特/马特/池卡,上海/陆家嘴
财经观察：贸易政策“猛于虎” 美国企业苦难堪,http://www.chinanews.com/cj/2019/06-14/8865052.shtml,中美贸易影响,美国,企业,关税,贸易,美国政府,政策,加征,经济,中国,显示,华盛顿/许缘/特朗普/摩根/杰米戴蒙/康明斯/兰博文/洛林哈钦森,美国/中国/大通
外交部就胡塞武装袭击民用机场、海湾地区紧张局势等答问,http://www.chinanews.com/gn/2019/06-14/8865190.shtml,中美贸易影响,中方,中国,香港,问,答,国家,事务,访问,情况,海湾地区,耿爽/郭声琨/王毅/玛丽亚费尔南达埃斯皮诺萨/胡塞/沙特/习近平/鲁哈尼/沃伦/普京/安代/帕特鲁舍夫/黑手/刘晓明/高专/巴切莱特,俄罗斯/葡萄牙/伊朗/阿曼/也门/美国/中国/中东/比什凯克/新疆/圣彼得堡/香港/韩国/南海/越南/沙市/永兴岛/人民医院/英国/西方/中国香港特别行政区
中方回应海湾地区紧张局势：望各方通过对话协商妥善解决分歧,http://www.chinanews.com/gn/2019/06-14/8865322.shtml,中美贸易影响,中东,海湾地区,中,中方,国家,地区,利益,中国,维护,战争,黄钰钦/宋蕙/耿爽,北京/中东/美国/中国
李荣民建议台企台商“两岸经济合作要做加法”,http://www.chinanews.com/tw/2019/06-15/8865443.shtml,中美贸易影响,大陆,合作,台商,经济,发展,企,两岸,台湾,带来,贸易摩擦,李荣民/利基,台北/台湾/大陆/香港/美国
澳前总理陆克文：中国已表明不会在贸易谈判“红线”问题上让步,http://www.chinanews.com/gj/2019/06-15/8865725.shtml,中美贸易影响,中国,美国,谈判,陆克文,红线,特朗普,协议,达成协议,澳大利亚,总理,陆克文/陶社兰/特朗普,澳大利亚/中国/北京/美国
两岸工商界共探经贸融合发展新路径,http://www.chinanews.com/tw/2019/06-15/8865751.shtml,中美贸易影响,两岸,发展,合作,融合,交流,厦门,台胞,论坛,台湾,新,杨伏山/卢鹏/韩景义/台企/李仁祥/陈震,厦门/台湾/大陆/厦门市/福建/闽台
中国人，你为什么这么拼？,http://www.chinanews.com/gn/2019/06-15/8865785.shtml,中美贸易影响,中国,人民,中华民族,美国,得道多助,失道寡助,国,封锁,国家,情怀,危为/路再长/毛泽东/司徒雷登/习近平/孟子曰/黄旭华/毛主席/孟子/福克斯/默克尔/道格拉斯卢特/特朗普/赵卯生,中国/美国/西方/峨眉/之本/丰润/日本/英国/哈蒙德/剑桥/延安
经济日报：警惕中美经贸摩擦中的奇谈怪论,http://www.chinanews.com/cj/2019/06-16/8865993.shtml,中美贸易影响,美国,中国,经济,文明,发展,贸易,战略,贸易战,世界,冲突,石建勋/基伦斯金纳/林中国/习近平,美国/中国/白宫/日本/印度/俄罗斯/土耳其/墨西哥/巴西/加拿大/中国海/东盟/朝鲜半岛/苏联/德国/英国/上海市
美国和印度也打起贸易战：“印太”战略被搁置？,http://www.chinanews.com/sh/2019/06-17/8866418.shtml,中美贸易影响,印度,特朗普,美国,战略,贸易,莫迪,贸易战,印太,普惠制,关税,特朗普/印太/莫迪/盛佳鹏/怀特/印美/克里什纳/原先/莫迪特朗普,美国/印度/印度洋/亚洲/中国/日美德/伊朗/日本/墨西哥/加拿大/大阪
北斗系统迈入全球时代：将“命脉”牢牢握在自己手里,http://www.chinanews.com/gn/2019/06-17/8866445.shtml,中美贸易影响,北斗,卫星,中国,研制,系统,国产化,团队,导航系统,时间,推进,冉承其/陈吉宁/双组元/牛顿/陈忠贵/王平/星载/钟钟/钟为/谢军/余速/刘家兴/邱晨辉,中国/美国/俄罗斯/欧洲/北京市/发展路/符合中国/地球/北京/泰山
外国政要和知名人士：坚决反对单边主义和贸易保护主义,http://www.chinanews.com/gn/2019/06-17/8866500.shtml,中美贸易影响,美国,中国,经济,世界,发展,贸易,全球,国际,国家,合作,冈萨雷斯/纳吉布/马里奥兰里奇/多米尼克德维尔潘/阿德南/拉诺洪波波/约恩/塔中/穆萨维/瑞斯卡库普曼/贺南洪/马尔科久里奇/穆拉德/达尼洛图尔克/鲁道夫沙尔平/阿尔乔姆谢苗诺夫/莫雷诺/森特里亚/沙菲克/米罗诺夫/阿萨莱/罗曼/阿德南阿克弗拉特/阿纳/威廉阿纳瓦提/蔡华伟,美国/中国/德国/黎巴嫩/阿拉伯/海沙/秘鲁/西方/印度尼西亚/英国/塔吉克斯坦/玻利维亚/南非/柬埔寨/塞尔维亚/地球/多国/斯洛文尼亚/俄罗斯/尼泊尔/欧洲/巴基斯坦/白宫/突尼斯/法特/阿富汗/罗马尼亚/土耳其/华中
人民网评：真是中国高调惹的祸吗？,http://www.chinanews.com/gn/2019/06-17/8866760.shtml,中美贸易影响,中国,美国,厉害,事实,国,历史,自信,论调,战略,贸易战,崇美/国成/崇美恐/毛泽东,中国/美国
A股缩量震荡沪指微涨0.2% 医药股表现活跃,http://www.chinanews.com/stock/2019/06-17/8866984.shtml,中美贸易影响,市场,连续,A,新,涨,逾,板块,稀土,涨幅,表现,华润/苏美达/孟玮/华泽/安信,焦作/敦煌
对华加税听证会，美企掀反对浪潮,http://www.chinanews.com/gj/2019/06-18/8867724.shtml,中美贸易影响,美国,关税,中国,加征,美国政府,进口,一家,称,烟花,特朗普,特朗普/佩尔基/斯科特戈尔茨坦/华盛顿/威廉莱施/特朗普大/福克斯/穆迪/霍尔茨伊金/查德维克/费尔贝梅尔,中国/新罕布什尔州/小城镇/美国/明尼苏达州/洛杉矶/白宫/墨西哥/越南/英国/肯塔基州/德国/多国/新加坡/怀俄明州/伊朗/基尔
社评：美对华贸易战挑战了中国人权底线,http://www.chinanews.com/gn/2019/06-18/8867728.shtml,中美贸易影响,中国,美国,贸易战,发展,世界,希望,经济,对华,关税,愿望,华盛顿,中国/美国/定日
腾讯理财通独家首发：华夏中证AH经济蓝筹指数基金,http://www.chinanews.com/business/2019/06-18/8868088.shtml,中美贸易影响,指数,经济,基金,蓝筹,AH,基,发展,中国,用户,行业,夏中证/腾安/刘明军/李一梅/巴菲特/樊纲/高配/基民,北京/中国/亚平/香港
走好新时代的长征路：不敢有丝毫自满但怀有无比自信,http://www.chinanews.com/ll/2019/06-18/8868224.shtml,中美贸易影响,中国,中国共产党,人民,自信,中华民族,自满,新时代,党,成就,带领,习近平/别科夫/梦路/许小娟,中国/西藏/比什凯克/吉尔吉斯斯坦
人民网评：中国“委曲”就能“求全”吗？,http://www.chinanews.com/gn/2019/06-18/8868231.shtml,中美贸易影响,中国,美国,发展,委曲,贸易摩擦,资源,高科技,放弃,国家,日本,强秦,中国/美国/俄勒冈州/秦国/日本
外交部就沪伦通启动、美国拟对华加征新关税等答问,http://www.chinanews.com/gn/2019/06-18/8868542.shtml,中美贸易影响,中方,中国,答,对话,发展,问,中,国,合作,伦通,陆慷/孙春兰/习近平/金正恩/穆尔西/都持/因特尔/库德洛/高盛/朝美/谈成果/维吾尔/特朗普/伦通/胡春华,德国/朝鲜/埃及/中国/美国/越南/白宫/河内/美韩/北京/比利时/新疆/大阪/英国/哈蒙德
美股上扬 道指涨350多点,http://www.chinanews.com/cj/2019/06-19/8868667.shtml,中美贸易影响,涨,市场,股市,当天,美联储,股指,三大,上涨,降息,美国,特朗普/卡特彼勒/鲍威尔,纽约/美国/美中/中国
面对美国贸易霸凌行为 外国政党、政要和知名人士有话说,http://www.chinanews.com/gn/2019/06-19/8868852.shtml,中美贸易影响,美国,中国,经济,世界,发展,贸易,全球,国际,国家,合作,冈萨雷斯/纳吉布/马里奥兰里奇/多米尼克德维尔潘/阿德南/拉诺洪波波/约恩/塔中/穆萨维/瑞斯卡库普曼/贺南洪/马尔科久里奇/穆拉德/达尼洛图尔克/鲁道夫沙尔平/阿尔乔姆谢苗诺夫/莫雷诺/森特里亚/沙菲克/米罗诺夫/阿萨莱/罗曼/阿德南阿克弗拉特/阿纳/威廉阿纳瓦提,美国/中国/密歇根州/德国/黎巴嫩/阿拉伯/海沙/秘鲁/西方/印度尼西亚/英国/塔吉克斯坦/玻利维亚/南非/柬埔寨/塞尔维亚/地球/多国/斯洛文尼亚/俄罗斯/尼泊尔/欧洲/巴基斯坦/白宫/突尼斯/法特/阿富汗/罗马尼亚/土耳其/华中
华兴源创后来居上拔头筹科创板第一单首选是规范,http://www.chinanews.com/cj/2019/06-20/8869719.shtml,中美贸易影响,板,科创,注册,披露,华兴源,创,信息,风险,核心技术,上市,华兴源/微芯/睿创,
人民日报：美国制造经贸摩擦无理无据,http://www.chinanews.com/gj/2019/06-20/8869736.shtml,中美贸易影响,中国,美国,世贸组织,贸易,经济,世界,发展,创新,全球,平衡,马丁沃尔夫/约翰威廉姆斯/拉米/彭博/迈克尔布隆伯格/李显龙/谢伏瞻,美国/中国/英国/亚洲/日本/英国牛津/纽约/韩国/德国/大陆/美国纽约/新加坡
美国挑起的经贸摩擦破坏世界经济体系,http://www.chinanews.com/gn/2019/06-21/8870994.shtml,中美贸易影响,美国,经济,全球,中国,市场,宏观经济研究院,发展,破坏,规则,世界,韩鑫/毕吉耀/摩根/臧跃茹/叶辅靖/高国力/容得/黄汉权,中国/美国/大通/陈东/大陆
科创板开闸：以信息披露为核心 把选择权真正交给市场,http://www.chinanews.com/stock/2019/06-21/8871030.shtml,中美贸易影响,科创,板,企业,市场,发行,注册,中国,行业,制,占,赵一苇/华兴源/睿创/徐高/方向来/郭田勇/杭可/南微/微芯/黄红元/易会满/刘鹤,中国/陆家嘴/天一路
CSA全球云安全峰会落户中国和北京网络安全大会同场举办,http://www.chinanews.com/business/2019/06-21/8871119.shtml,中美贸易影响,云,全球,网络安全,CSA,技术,联盟,合作,大会,李雨航,峰会,李雨航/安信/云计划/金佰利,中国/北京/美国/达沃斯/旧金山/硅谷/湾区
新华国际时评：美方听证会不应是“一场马戏”,http://www.chinanews.com/gj/2019/06-21/8871247.shtml,中美贸易影响,美国,关税,中国,听证会,加征,贸易,贸易战,企业,政府,代表,华盛顿/陈词/莱特希泽/拜登,纽约/美国/中国/偏远地区
党建锐评：弘扬党内主题教育活动的优良传统,http://www.chinanews.com/gn/2019/06-21/8871286.shtml,中美贸易影响,党,党内,教育,思想,中国,人民,政治,主题,使命,全党,习近平/方得/金涛/党近/关键党/毛泽东/初外/初整风,中国/延安/美国
全球化势不可挡 贸易战没有赢家,http://www.chinanews.com/cj/2019/06-21/8871474.shtml,中美贸易影响,美国,中国,经济,我国,宏观经济研究院,发展,全球化,制造业,贸易,科技,徐惠喜/莉娜/黄奇帆/毕吉耀/韩永文/高国力/黄汉权,中国/北京/美国/陈东
欧美货币竞争性贬值阴云浮现,http://www.chinanews.com/cj/2019/06-21/8871503.shtml,中美贸易影响,美联储,美国,经济,特朗普,会议,德拉吉,贬值,欧洲央行,降息,利率,华盛顿/晋勇/郑悦/特朗普/鲍威尔/德拉吉/努钦/关晋勇,美国/欧洲
外交部就伊朗局势、核供应国集团年会等答问,http://www.chinanews.com/gn/2019/06-21/8871730.shtml,中美贸易影响,中方,报道,美国,问,中,答,核,中国,集团,国家,陆慷/特朗普/特鲁多/习近平/哈雷戴维森/金正恩/国友好/朝两国/努尔苏丹/方国家/曾计划/潘多拉盒子/王毅/穆阿利姆/莱特希泽/国元首/傅聪,美国/加拿大/中国/大陆/欧洲/浙江/平壤/俄罗斯/阿斯塔纳/印度/哈萨克斯坦/伊朗/维也纳/叙利亚/大阪/新德里
一个英国导演眼中的中美贸易战：你们彼此不是敌人,http://www.chinanews.com/gj/2019/06-22/8871931.shtml,中美贸易影响,中国,美国,中美关系,善良,天使,纪录片,柯文思,导演,拍摄,国,柯文思/基辛格/周恩来/崔天凯/马丁沃尔夫/相通/刘欣/翠西里根/林肯/韩洁,英国/中国/西方/美国/洛杉矶/太平洋/上海
专家：全球化不可阻挡 美国一意孤行注定“多输”,http://www.chinanews.com/cj/2019/06-22/8872086.shtml,中美贸易影响,全球,全球化,经济,美国,资源,国际,消费者,技术,包括,生产,罗伯托阿泽维多,美国/中国/欧洲/日本/印度
孙学工：全球化是不可阻挡的历史潮流,http://www.chinanews.com/cj/2019/06-22/8872123.shtml,中美贸易影响,全球,全球化,经济,美国,资源,国际,消费者,技术,包括,生产,罗伯托阿泽维多,中国/美国/欧洲/日本/印度
美智库报告：中国用降税为他国“铺开红地毯”,http://www.chinanews.com/gn/2019/06-23/8872477.shtml,中美贸易影响,美国,中国,关税,国家,彼得森国际经济研究所,称,消费者,企业,商品,报告,华盛顿/唐纳德特朗普/查德鲍恩/特朗普,美国/中国/北京/加拿大/日本/欧洲
九论美国“必将失败”,http://www.chinanews.com/gn/2019/05-31/8852284.shtml,中美贸易影响,美国,政客,世界,中国,国家,规则,国际,美方,经济,合作,图斯克/乔治帕克/时至/佩奥/杰弗里萨克斯/华盛顿/萨米卡姆哈维/单赢/图克,美国/中国/美韩/西方/之国/中俄/北极/埃及/欧洲
感谢美国政客向世界证明了“美式威胁论”,http://www.chinanews.com/gn/2019/05-31/8852301.shtml,中美贸易影响,威胁,美国,中国,国家,世界,美国政府,国际,企业,到底,政客,苏必德,中国/美国/耶鲁
专访林毅夫：贸易争端加剧背景下 对中国实现6%经济增速有信心,http://www.chinanews.com/gn/2019/05-30/8851959.shtml,中美贸易影响,中国,美国,林毅夫,经济,发展,贸易摩擦,增长,产业,世界,升级,杨程晨/安英昭/林毅夫,北京/美国/中国/日本/欧洲
中美经贸摩擦全球关注 中方决不接受有损主权的协议,http://www.chinanews.com/gn/2019/05-30/8851988.shtml,中美贸易影响,美方,高峰,中方,中国,美国,升级,企业,措施,稀土,做法,骆云飞/特朗普/张炜/殷立勤/于情,美国/中国/纽约
独家视频丨刘欣：中美贸易谈判 中方早已明确立场,http://www.chinanews.com/gn/2019/05-30/8852114.shtml,中美贸易影响,贸易谈判,内部消息,究竟,刘欣,到达,看法,中国政府,Trish,立场,做法,刘欣,
外交部谈中美主播“跨洋辩论”：乐见各界人士诚实理性思考和对话,http://www.chinanews.com/gn/2019/05-30/8852061.shtml,中美贸易影响,中美,对话,主播,贸易,中国,主持人,陆慷,鼓励,北京,乐见,黄钰钦/宋蕙/陆慷/刘欣/翠西里根,北京/中国/美国
中国国防部：期待中美两军关系成为两国关系稳定器,http://www.chinanews.com/mil/2019/05-30/8852151.shtml,中美贸易影响,关系,中美,军,军事,美方,中国,中国国防部,国防部,中方,两国关系,高凯/吴谦/华盛顿,北京/吉河/中国/南海/青岛
外国政党人士：美国破坏国际秩序 霸凌行径应立即停止,http://www.chinanews.com/gn/2019/05-30/8852189.shtml,中美贸易影响,美国,中国,经济,谢苗诺夫,合作,秩序,全球,国际,美方,世界,王卓伦/吴宇罗/谢苗诺夫/罗德里格斯/久里奇/久里奇久里奇/尤表,北京/美国/中国/俄罗斯/古巴/塞尔维亚
中美主播跨洋辩论，“先讲大道理”就知分寸,http://www.chinanews.com/gn/2019/05-31/8852223.shtml,中美贸易影响,辩论,辩,观众,间,平台,只能,先,知识产权,媒体,电视,翠西里根/刘欣,美东/太平洋/中国
16分钟越洋对话 中美主播说了什么,http://www.chinanews.com/gn/2019/05-31/8852248.shtml,中美贸易影响,中国,美国,刘欣,翠西,话题,对话,辩论,知识产权,昨天,国家,刘欣/翠西/翠西里根/高刘欣/董鑫/李岩/陆慷/吴谦/翠西来/赵新培/余美英,中国/美东/北京/美国/上海
辛识平：“主播约辩”的赢家是理性的力量,http://www.chinanews.com/gn/2019/05-31/8852565.shtml,中美贸易影响,中国,美国,女主播,理性,辩,对话,约,开放,关系,主播,辛识平/刘欣/福克斯/里根/费正清,北京/中国/美国/太平洋
贸易战威胁全球和平与繁荣 欧盟不应追随美国,http://www.chinanews.com/gn/2019/05-31/8852585.shtml,中美贸易影响,美国,中国,欧盟,欧洲,华为,贸易战,体系,企业,全球,称,马丁沃尔夫/特朗普/佐利克/沃尔夫/布鲁格/尤里达杜什/苏威/尼古拉斯范泽布洛克/布洛克/弗兰德斯/斯特凡布/赫特/鞠辉,美国/欧洲/中国/美国纽约/西方/英国/布鲁塞尔/比利时/罗马
中美主播辩论：真理越辩越明 事实胜于雄辩,http://www.chinanews.com/gn/2019/05-31/8852689.shtml,中美贸易影响,美国,媒体,辩论,中国,中美,翠西里根,对话,刘欣,美方,情绪化,刘欣/福克斯/翠西里根/陈见,中国/美国/北京
光明日报：学术打压于人类进步无益,http://www.chinanews.com/gn/2019/05-31/8852690.shtml,中美贸易影响,学术,IEEE,国际,组织,中国,人类,语言,价值,世界,科学,培根/韦伯/博克/危为机/饶高琦/赵明昊,美国/中国/深度广度/英国/西欧/德国/西方
中国央行原行长：人民币汇率稳定有足够基础,http://www.chinanews.com/cj/2019/05-31/8852712.shtml,中美贸易影响,人民币,汇率,市场,中美,贸易摩擦,戴相龙,中国,波动,基础,篮子,戴相龙/相龙,北京/中国/美国
青年民营企业家吁积极参与开拓“一带一路” 市场,http://www.chinanews.com/gn/2019/05-31/8852726.shtml,中美贸易影响,企业家,中国,青年,国家,发展,民营企业,市场,走,开拓,一带,张晓曦/华讯/吴光胜/梁博强/汪瑶,石家庄/中国/河北/云南省/黑龙江省/长江
东盟多国冀与中国联手推动双方产业合作新发展,http://www.chinanews.com/cj/2019/05-31/8852818.shtml,中美贸易影响,中国,合作,东盟,贸易,投资,企业,老挝,产业,领域,泰国,尹力/许宁宁/林翁/吴月婷/格伦佩尼亚兰达/陶越英,北京/东盟/中国/缅甸/泰国/菲律宾/老挝/美国/亚洲/湾区/来源国/越南
商务部：美方的贸易霸凌做法最终损害的是美国自身,http://www.chinanews.com/gn/2019/05-30/8851751.shtml,中美贸易影响,美国,加征,关税,美方,高峰,中方,贸易,企业,磋商,消费者,特朗普/刘颖戈/晓威/徐宁宁,美国/中国/纽约
商务部：中美贸易谈判能否取得进展很大程度取决于美方,http://www.chinanews.com/cj/2019/05-30/8851752.shtml,中美贸易影响,磋商,美方,中美,中方,原则,诚意,商务部,态度,新闻,合作,步于佳/王雨萧,
专家学者：美国唯我独尊必将失败,http://www.chinanews.com/gn/2019/05-29/8850469.shtml,中美贸易影响,美国,中国,唯我独尊,教授,国家,贸易,过程,专家,利益,磋商,张燕生/熊李力/王勇/王义桅,美国/中国/日本/欧洲/墨西哥/加拿大
CGTN声明：因版权原因无法对中美女主播关于中美贸易对话进行直播,http://www.chinanews.com/gn/2019/05-29/8850728.shtml,中美贸易影响,FOX,直播,CGTN,商业,频道,节目,网友,版权,信息,授权,刘欣/翠西里根/刘欣仅,
房爱卿：美方政客说法讲不通、行不通！,http://www.chinanews.com/gn/2019/05-29/8850752.shtml,中美贸易影响,美国,中国,美方,关税,房爱卿,政客,磋商,加征,商品,贸易,房爱卿/刘红霞,北京/美国/中国
CGTN：原计划直播中美女主播对话，因版权改为实时报道,http://www.chinanews.com/gn/2019/05-29/8850977.shtml,中美贸易影响,CGTN,频道,商业,直播,FOX,毕业,版权,此前,刘欣,工作,刘欣/翠西里根/刘欣仅/福克斯/曾彭博/南博,中国/瑞士/日内瓦/美国
美国加征关税伤了谁？成本几乎全由美国进口商承担,http://www.chinanews.com/gn/2019/05-30/8851124.shtml,中美贸易影响,美国,中国,关税,特朗普,产品,加征,进口,贸易,大豆,国家,李静/特朗普/盛佳鹏/福布斯/努钦/卡特彼勒/迪尔/尼古拉斯/拉迪/玛丽洛芙丽/保罗伯克/彭博/纳威/珀杜/戈登/成真,美国/中国/上海/法国/德国/墨西哥/巴西/日本/北美/太平洋
美股再度下跌 颓势难转,http://www.chinanews.com/cj/2019/05-30/8851207.shtml,中美贸易影响,下跌,指数,指,贸易,收,股指,三大,超过,美股,报道,,纽约/美国
CGTN女主播刘欣与FOX女主播翠西电视交锋,http://www.chinanews.com/gn/2019/05-30/8851455.shtml,中美贸易影响,美国,中国,刘欣,翠西,知识产权,节目,翠西里根,国家,中,关税,刘欣/翠西里根/翠西/特朗普/高刘欣/福克斯,美东/北京/中国/美国
一场中美关注的女主播“辩论”，显示美国对中国有多不了解,http://www.chinanews.com/gn/2019/05-30/8851469.shtml,中美贸易影响,中国,刘欣,里根,辩论,美国,对话,知识产权,国,国家,盗窃,翠西里根/刘欣/里根/特朗普/里根福克斯/刘欣推/文下/巴菲特/埃米丽劳哈拉/哈拉/华盛顿/张松,中国/美国/欧洲
半月谈评论：“刘欣赢了吗”其实并不重要！,http://www.chinanews.com/gn/2019/05-30/8851665.shtml,中美贸易影响,对话,理性,贸易战,刘欣,冷静,翠西,声音,交流,主播,美女,王新亚/刘欣/翠西/刘欣赢/关键口,火星/中国
国防部：期待中美两军关系成为两国关系稳定器,http://www.chinanews.com/mil/2019/05-30/8851731.shtml,中美贸易影响,关系,中美,军,美方,军事,国防部,中国,中方,发言人,吴谦,吴谦/华盛顿,吉河/中国/南海/青岛
商务部：美方的贸易霸凌做法买单的是美国消费者和企业,http://www.chinanews.com/gn/2019/05-30/8851774.shtml,中美贸易影响,美国,贸易,关税,高峰,加征,美方,商务部,企业,新闻,平衡,赵隽/特朗普,美国/中国/纽约
商务部：中方决不会接受任何有损国家主权和尊严的协议,http://www.chinanews.com/gn/2019/05-30/8851792.shtml,中美贸易影响,中方,高峰,新闻,商务部,发言人,让步,贸易,原则,平等,关切,赵隽,
外交部谈中美主播“跨洋辩论”：乐见理性思考和对话,http://www.chinanews.com/gn/2019/05-30/8851862.shtml,中美贸易影响,对话,中美,主播,贸易,乐见,辩论,中国,主持人,陆慷,北京,谈中美/黄钰钦/宋蕙/陆慷/刘欣/翠西里根,北京/中国/美国
商务部：中美贸易谈判能否取得进展 很大程度上取决于美方,http://www.chinanews.com/gn/2019/05-30/8851877.shtml,中美贸易影响,中国,高峰,经济,美方,磋商,新闻,商务部,空间,贸易,世界,赵隽,中国
商务部：美方不断升级贸易摩擦 严重破坏磋商基础,http://www.chinanews.com/gn/2019/05-30/8851883.shtml,中美贸易影响,高峰,中方,美方,新闻,商务部,磋商,发言人,原则,合作,始终认为,赵隽,
【京交会】让服务贸易为高质量发展提供内生动力,http://www.chinanews.com/sh/2019/05-30/8851956.shtml,中美贸易影响,服务,贸易,服务业,交会,中国,经济,全球,进一步,发展,经济发展,服贸/循川/游速/应势而/刘凤敏,中国/北京/北京市
中国经济在逆境中稳中向好提振全球信心,http://www.chinanews.com/cj/2019/05-30/8851957.shtml,中美贸易影响,中国,经济,市场,我国,全球,国际,增长,创新,面对,预期,管服/项项/高浪/方江海/永维,中国
以“初心”为精神航标走好新长征路,http://www.chinanews.com/ll/2019/05-27/8848492.shtml,中美贸易影响,共产党人,人民,初心,坚定,新长征,长征,民族,精神,使命,谋,艾佩韦/习近平/党红军/乌蒙/利多,江西/中国/娄山关
王小鲁：中国经济的韧性是自我调整能力,http://www.chinanews.com/cj/2019/05-28/8848772.shtml,中美贸易影响,经济,投资,政府,消费,调整,新京报,解决,政策,社会保障,中国,王小鲁/路京/小鲁/高约/陈鹏,中国/新城镇/美国/凯恩斯/亚洲/城镇/大城/工薪阶层
阿拉伯专家认为美国关税政策凸显其孤立主义倾向,http://www.chinanews.com/gj/2019/05-26/8847597.shtml,中美贸易影响,美国,经济,贸易,霸凌,关税,中国,发展,国家,世界,加征,马哈/德拉亚/特朗普/萨米卡姆哈维/贾娜/阿卜杜拉/辛俭强/段敏夫/李良勇/吴丹妮/黄灵王,北京/阿拉伯/美国/中国/黎巴嫩/埃及/突尼斯/科威特/阿拉伯地区/非洲
中国贸促会会长高燕：美方经济霸凌行为严重践踏多边贸易规则,http://www.chinanews.com/gn/2019/05-26/8847600.shtml,中美贸易影响,中国,企业,美方,经济,市场,摩擦,美国,中美,贸易,关税,高燕美/申铖/高燕/特斯拉,北京/中国/美国/美中/南亚/日本
中国贸促会会长高燕：美方霸凌主义做法严重践踏多边贸易规则,http://www.chinanews.com/gn/2019/05-26/8847692.shtml,中美贸易影响,中国,高燕,贸易,中国贸促会,美方,市场,企业,会长,美国,反对,高燕/高燕美,美中/美国/中国/东南亚/俄罗斯/日本
美国挑起贸易战将给全球经济带来负面影响,http://www.chinanews.com/gn/2019/05-27/8847762.shtml,中美贸易影响,贸易战,经济,美国,世界,全球,美国政府,网民,政策,贸易,评论,张胜/曹元龙/李晓王/敏蒋/刘嘉丽/王佳姚/焦德武,美国/中国/蒙上
贸易霸凌正将世界带入险境,http://www.chinanews.com/gn/2019/05-27/8847763.shtml,中美贸易影响,美国,中国,贸易,美国政府,国际,经济,贸易战,规则,世界,日本,沈丁立/孔庆江/梅新育/斯穆特霍利/成多项/高其/施予/国国/张胜/曹元龙/李晓王/敏蒋/刘嘉丽/王佳姚/焦德武,美国/中国/华中/欧洲/多国/日本/英国/法国/西班牙/韩国/墨西哥/加拿大/多维度
美方经济霸凌行为 严重践踏多边贸易规则,http://www.chinanews.com/gn/2019/05-27/8847767.shtml,中美贸易影响,中国,美方,企业,经济,市场,摩擦,美国,中美,贸易,关税,高燕美/高燕/特斯拉/林丽,中国/美国/美中/南亚/日本
贸促会会长：美经济霸凌行为严重践踏多边贸易规则,http://www.chinanews.com/gn/2019/05-27/8847815.shtml,中美贸易影响,中国,企业,美方,经济,市场,摩擦,美国,中美,贸易,关税,高燕美/高燕/特斯拉/林丽,中国/美国/美中/南亚/日本
沪深两市指数成功翻红沪指涨0.26% 券商股发力护盘,http://www.chinanews.com/cj/2019/05-27/8848092.shtml,中美贸易影响,A,市场,证券,板块,深,涨,退市,跌停,牛市,交易日,盘初/华林/金力/全绿/华泽/续创/袁娜,南京/常熟/新海/大通/中国
任正非谈“不死的华为”：现在处在最佳状态,http://www.chinanews.com/gn/2019/05-27/8848367.shtml,中美贸易影响,任正非,华为,制高点,美国,没,危险,芯片,采访,基础,世界,任正非/海思,北京/美国/英国/德国/新西伯利亚
稳步向上！沪指收复2900点，科创概念“独领风骚”,http://www.chinanews.com/cj/2019/05-28/8849252.shtml,中美贸易影响,市场,板块,涨,证券,股份,早,科创,概念,预期,持续,于特/华昌/涨逾,江苏/华西
外交部就美国驻华大使访问西藏自治区等答问,http://www.chinanews.com/gn/2019/05-28/8849757.shtml,中美贸易影响,中方,中国,问,美方,发展,合作,答,国,中美,报道,华盛顿/张军/郭伟/任正非/布兰斯塔德/李大维/博尔顿/习近平,中国/美国/巴勒斯坦/巴林/阿拉伯/肯塔基州/列克星敦/重庆市/陕西省/江西省/甘肃省/肯塔基/田纳西/科罗拉多/泰国/曼谷/繁荣路/朝鲜/西藏自治区/拉萨市/社区/西藏/台湾海峡/北美/台湾/韩国
一季度超七成车企实现盈利 专家预计全年销量微增3%,http://www.chinanews.com/auto/2019/05-29/8849958.shtml,中美贸易影响,销量,汽车,同比,上汽集团,下滑,增长,净利润,预计,一季度,显示,高微增/龚梦泽/车企/克莱斯勒/菲克/花一步/庞大国/申万/微增/徐和谊/曾庆洪/荣威,中国/广丰
明早8点 中美女主播隔空辩论,http://www.chinanews.com/gn/2019/05-29/8850001.shtml,中美贸易影响,刘欣,美国,中国,约,频道,电视台,女主播,辩论,主播,节目,刘欣/福克斯/翠西里根/翠西里根福克斯/彭博/战曾/陆慷/赵新培/余美英/潘璠,中国/北京/美国/土耳其/英国/日内瓦/新罕布什尔州/新奥尔良/丹麦/委内瑞拉/大西洋
美方挑起经贸摩擦 媒体：感谢美国让中国青年更团结,http://www.chinanews.com/gn/2019/05-29/8850003.shtml,中美贸易影响,美国,中国,团结,年轻人,政客,国家,感谢,施压,企业,贸易摩擦,任正非/阴招/逢美必/言必称/普世,美国/中国/深圳市/南山区/社区
环球时报社评：美方应当想到中国有稀土这张牌,http://www.chinanews.com/gn/2019/05-29/8850012.shtml,中美贸易影响,中国,稀土,美方,美国,贸易战,国家,中方,肯定,牌,世界,愈烈/华盛顿,中国/赣南/美国/西方/澳大利亚/华中
美发动贸易战是“自残” 须知中国无法被打败,http://www.chinanews.com/gn/2019/05-29/8850196.shtml,中美贸易影响,美国,关税,中国,经济,特朗普,全球,加征,政府,超过,美联储,特朗普/高盛/哈齐亚斯/库德洛/华盛顿/鲍威尔/蒂克/杰拉德塞伯/坦克/国就范/塞伯/里克霍尔芬贝思特朗普/大卫/国新/布雷斯蒂芬斯/特朗普里根/树为/刘平,中国/美国/英国牛津/亚特兰大/伯斯/牙买加/苏联/北京
外媒评中美贸易摩擦：几乎伤害了美国经济每一个领域,http://www.chinanews.com/gj/2019/05-25/8846889.shtml,中美贸易影响,美国,称,关税,成本,特朗普,消费者,啤酒,中国,贸易战,农民,鲍威尔/陈孟/基恩/高盛/摩根士丹利/廖攀/鲁门/特姆/彭博社/特朗普/华盛顿/吉姆/麦克格里维/李南轩/布雷特戴维斯/努钦/钱文章,美国/中国/华尔街/白宫/美国纽约/商都/俄亥俄州/特拉华州/科罗拉多州/印第安纳/英国
郭树清：投机做空人民币必然遭受巨大损失,http://www.chinanews.com/cj/2019/05-25/8846893.shtml,中美贸易影响,中国,美国,企业,国家,我国,市场,治理,经济,金融,汇率,郭树清/肖远企/张皮/欧美总/占高/弗朗西斯高/叶公好龙/渡边太太/习近平/成高,北京/美国/中国/日本/印度/越南/印尼/菲律宾/孟加拉/欧洲/西方/杭州/社区/银山
“艰难困苦能使我们的事业成功”,http://www.chinanews.com/gn/2019/05-24/8845780.shtml,中美贸易影响,中国,发展,经济,世界,增长,美国,全球,贸易摩擦,国家,市场,亚当斯密/约翰梅纳德/米尔顿弗里德曼/斯密/真想/雅各布马德森/邓小平/习近平/马尔萨斯/国智慧/愈奋/毛泽东/杨英杰,美国/凯恩斯/中国/日本/德国/英国/印度/法国/巴西/意大利/加拿大/丹麦/亚洲
美国市场大部分罗非鱼从中国进口 加征关税到底害了谁,http://www.chinanews.com/gn/2019/05-24/8845839.shtml,中美贸易影响,美国,贸易,关税,中国,加征,罗非鱼,订单,市场,客户,企业,彭德/王伯顺/白蕉海/黄锦忠/李永/特朗普,中国/美国/广东/茂名/广东省/茂名市/珠海/珠海市/新疆/西藏
贸易问题拖累美股下跌,http://www.chinanews.com/cj/2019/05-24/8845777.shtml,中美贸易影响,美国,下跌,贸易,股指,美股,跌,CNN,当天,指数,投资者,特朗普,纽约/美国/美中
贸易摩擦没有赢家 外媒呼吁美国政策制定者保持克制,http://www.chinanews.com/gj/2019/05-24/8845849.shtml,中美贸易影响,美国,指出,贸易,称,华为,中国,经济,贸易战,贸易摩擦,全球,店潮/博伊德/特朗普/彭博社/廖攀/吉尔德文/吉尔德/庞特斯/莫朗/星展/福克斯/普里斯特/诺亚/官夏春/马丁/费尔德斯坦/库德洛,美国/中国/弗吉尼亚州/农场/英国/日本/新加坡/美国纽约/巴西/圣保罗/亚洲/俄罗斯/纽约/地球/白宫
IMF：中美贸易摩擦将使全球GDP增速下降0.3%,http://www.chinanews.com/cj/2019/05-24/8845926.shtml,中美贸易影响,关税,影响,美国,中国,全球,下降,增加,研究,进口,加征,华盛顿,美国/中国
当前如何提升中国科技企业国际竞争力？工信部回应,http://www.chinanews.com/cj/2019/05-24/8846138.shtml,中美贸易影响,企业,创新,引导,关键,基础,核心技术,攻关,技术,研究,王志军,王志军/杨可佳,中国
专家评析：关税“双刃剑”令美豆农“伤筋动骨”,http://www.chinanews.com/gn/2019/05-24/8846202.shtml,中美贸易影响,大豆,中国,美国,进口,豆,关税,猪肉,影响,援助,出口,董峻/刘合光/叶兴庆/戴维斯蒂芬斯/钟钰/已达成/益海嘉里/涂长明/李国祥,北京/中国/美国/农场/多哈/巴西/阿根廷/乌克兰/俄罗斯/东南亚/加拿大/非洲/德国/西班牙/东欧/波兰
十篇“很不”檄文痛批美方霸凌主义，酣畅淋漓,http://www.chinanews.com/gn/2019/05-24/8846500.shtml,中美贸易影响,美国,中国,全球,美方,文明,发展,经济,贸易,国家,国际贸易,基伦斯金纳/斯金纳/依军/特朗普/戚戚/国之宝/王立彬/孙闻/郑良/海思/何庭波/鲁宾逊/于己/朱超/杨依军/斯穆特/霍利/里根/刘红霞/布雷顿/梅西/刘开雄,美国/中国/大西洋/深度广度/白宫/中国站
外企将因贸易摩擦撤出中国？专家：说易行难,http://www.chinanews.com/cj/2019/05-24/8846513.shtml,中美贸易影响,中国,外企,撤出,对华,营商,投资,环境,产业,企业,国家,李晓喻/时高/苏庆义/白明称/高峰,中国/北京/美国/加大力度
郭树清：美国升级贸易摩擦不解决任何问题 投机做空人民币必遭巨大损失,http://www.chinanews.com/cj/2019/05-25/8847044.shtml,中美贸易影响,美国,中国,郭树清,人民币,经济,金融,市场,开放,特别,消费者,李晓喻/郭树清,北京/中国/美国
述评：美国发动对华贸易战的五大世界性危害,http://www.chinanews.com/gn/2019/05-25/8847157.shtml,中美贸易影响,经济,美国,全球,世界,发展,国际,国家,中国,企业,美国政府,周文其/王建华/摩根士丹利/布鲁诺勒梅尔,北京/美国/深度广度/中国/日本/法国/欧洲/华中/巴黎
郭树清：美从对华贸易逆差中获得极大好处,http://www.chinanews.com/gn/2019/05-26/8847202.shtml,中美贸易影响,中国,美国,郭树清,金融,企业,国家,经济,市场,占,产品,郭树清/肖远企/张皮/欧美总/占高/程婕,山东/中国/美国/西方
国际货币基金组织报告称：对华加征关税成本几乎全由美方承担,http://www.chinanews.com/gj/2019/05-26/8847228.shtml,中美贸易影响,关税,贸易,影响,美国,中国,导致,全球,报告,IMF,增加,华盛顿/关晋勇/特朗普/国新,美国/中国/巴西
张连起：美国低估了中国人民的决心和意志！经贸摩擦中国会痛，但决不会输！,http://www.chinanews.com/cj/2019/05-26/8847408.shtml,中美贸易影响,美国,连起,中国,美方,经济,会计,摩擦,知识产权,谈判,制造,关键原/危中/李思,美国/中国/越南/印尼
周末重磅！一行两会发声了,http://www.chinanews.com/cj/2019/05-26/8847451.shtml,中美贸易影响,人民币,证监会,央行,违规,上市公司,波动,制度,资本,金融,近期,郭树清/陈雨露/阎庆民,中国
台媒：美对陆祭出关税高墙与科技围堵 伤人伤己,http://www.chinanews.com/gn/2019/05-26/8847517.shtml,中美贸易影响,大陆,美国,台湾,指出,特朗普,科技,文章,贸易,关税,评论,特朗普,台北/台湾/美国/大陆/亚洲
张连起：欲借贸易摩擦迫中国产业链外移不现实,http://www.chinanews.com/gn/2019/05-23/8845050.shtml,中美贸易影响,中国,连起,经济,美国,产业,产业链,贸易摩擦,自主创新,关税,中新社,陈文/欧美韩,北京/中国/美国/港台地区/美国纽约/深圳/东莞
国际秩序容不得任性妄为——无视规则必将失败,http://www.chinanews.com/gn/2019/05-23/8844611.shtml,中美贸易影响,美国,规则,国际,世界,美方,全球,世贸组织,争端,美国政府,贸易,图斯克/戈登布朗/博尔顿,北京/美国/德国/中国/太平洋/巴黎/维也纳/美韩/英国
冷静看待中美经贸摩擦 永远首先做好自己的事,http://www.chinanews.com/gn/2019/05-23/8844643.shtml,中美贸易影响,美国,中国,发展,中美,贸易战,贸易,关税,摩擦,指出,中美关系,林毅夫/周世俭/陈文玲/张运成/查道炯/余淼杰/斐晔,美国/中国/加拿大/墨西哥/欧洲/日本/南南/长江/北京
加征关税是把“双刃剑” “美国吃亏论”站不住脚,http://www.chinanews.com/gn/2019/05-23/8844650.shtml,中美贸易影响,美国,中国,贸易,关税,发展,经济,能力,国际,林毅夫,全世界,张志文/陈文玲/周世俭/余淼杰/林毅夫/张运成,美国/中国/东盟
环球热点：甩锅中国不能让美国“再次伟大”,http://www.chinanews.com/gn/2019/05-23/8844658.shtml,中美贸易影响,美国,中国,特朗普,指出,关税,世界,文章,胡逸山,希望,网站,摩根士丹利/斯蒂芬罗奇/特朗普/胡逸山/沈丁立/雅各宾/张红,中国/美国/亚洲/新加坡/白宫/加拿大/墨西哥/欧洲/日本/英国/西方/美中/工薪阶层/德国
访全国政协常委、中国税务学会副会长张连起,http://www.chinanews.com/cj/2019/05-23/8844696.shtml,中美贸易影响,美国,中国,美方,贸易,企业,产业,华为,摩擦,经济,科技,周琳/罗森格伦/海思/戴维戈德曼/费对稳/愈奋/才能/哈耶克,美国/中国/波士顿/纽约/越南/印尼/印度尼西亚/西方
美方极限施压危害世界经济 中国有能力应对压力挑战,http://www.chinanews.com/cj/2019/05-23/8844697.shtml,中美贸易影响,中国,美国,经济,贸易,世界,摩擦,美方,应对,专家,关税,周明阳/乔金亮/国应/林毅夫/余淼杰/淼杰/福特/张运成/运成美,中国/北京/美国/越南/柬埔寨/孟加拉/印尼/印度/韩国/东盟
港澳台媒评中美贸易摩擦：美国勿错判形势 要悬崖勒马,http://www.chinanews.com/ga/2019/05-23/8844756.shtml,中美贸易影响,美国,中国,企业,发表,全球,香港,评论,科技,升级,市场,特朗普/陈文/摩根士丹利,美国/中国/无利/纽约/香港/深圳/江苏/连云港/台湾/中美合作
“从头到脚”在变贵 美企和消费者呼吁结束贸易战,http://www.chinanews.com/cj/2019/05-23/8844795.shtml,中美贸易影响,美国,中国,消费者,关税,加征,企业,商品,贸易战,特朗普,提高,贵美/李金磊/贵买/廖攀/李雪瑶/梅西/特朗普/那方/白明/刚需/鞠建东/高凌云/里克,北京/美国/中国/纽约/迈阿密/来源国/凌云/美国纽约/越南
社评：美休想用打压华为等企业胁迫中国,http://www.chinanews.com/gn/2019/05-23/8844902.shtml,中美贸易影响,中国,华为,美国,美方,美国政府,美国公司,贸易战,华盛顿,筹码,正,华盛顿/任正非/招华为,美国/中国/白宫/欧洲/北京
集中力量办大事：中国跨越发展的法宝,http://www.chinanews.com/ll/2019/05-23/8845158.shtml,中美贸易影响,中国,大事,集中力量,办,工业化,发展,计划,社会主义,国家,资本,郑有贵/邓小平/江泽民/胡锦涛/习近平/阿波罗/特朗普,中国/长江/三峡/美国/曼哈顿
新台币贬值创新低 台民生消费价格承压,http://www.chinanews.com/tw/2019/05-23/8845426.shtml,中美贸易影响,台湾,新台币,影响,外资,贬,媒体,当天,经济,指出,汇率,孙明德,台北/台湾/韩国
专家评中美经贸：对华挑起贸易战“项庄舞剑，意在沛公”,http://www.chinanews.com/gn/2019/05-23/8845468.shtml,中美贸易影响,中国,美国,经济,贸易,关税,专家,美国政府,加征,贸易逆差,全球,林毅夫/斯穆特/霍利/里根/黄益平/奥巴马/张运成/余淼杰/运成/陈文玲,北京/中国/美国/澳大利亚/来源国
商务部密集回应中美经贸磋商：美方想继续谈应拿出诚意,http://www.chinanews.com/gn/2019/05-23/8845564.shtml,中美贸易影响,中国,企业,中方,美方,高峰,美国,称,措施,经济,进口,赵隽/特朗普/刘鹤,中国/美国/加大力度/上海/德国/西班牙/加拿大/丹麦/巴西/荷兰/法国
为什么说美国的算盘打错了？,http://www.chinanews.com/gn/2019/05-23/8845623.shtml,中美贸易影响,中国,美国,国家,出口,占,指出,贸易逆差,企业,周世俭,林毅夫,侯雨彤/特朗普/林毅夫/周世俭/余淼杰/马丁费尔德斯坦/耿爽/强余淼/孙秋霞,美国/中国/越南/柬埔寨/孟加拉/加拿大/墨西哥/欧洲/日本/印度/俄国/巴西/东盟
国是论坛丨中央此时再提“中部崛起”，背后有何深意？,http://www.chinanews.com/gn/2019/05-23/8845624.shtml,中美贸易影响,中部,地区,发展,崛起,经济,中国,未来,区域,国家,推动,陈耀/承东启/张建清/刘波/强优/张建平/施策/西引/张建/冯玲玲,江西/南昌/山西/安徽/南湖/湖南/中国/长江黄河/淮河/日益壮大
公平合作是唯一正确的选择——零和博弈必将失败,http://www.chinanews.com/gn/2019/05-24/8845681.shtml,中美贸易影响,美国,贸易,中国,博弈,世界,合作,制裁,思维,国际,陷入,史蒂夫班农/里根/威廉赖因施/杰弗里萨克斯/纳瓦罗/安赫尔古里亚,北京/西方/美国/中国/日本/万山
林毅夫：美国从中国买东西并不是给中国的恩惠,http://www.chinanews.com/gn/2019/05-24/8845779.shtml,中美贸易影响,中国,美国,林毅夫,发展,贸易逆差,国家,贸易,升级,增加,关税,林毅夫/柴华据/余淼杰/周世俭/特朗普/代还会/福特,美国/中国/北京/加拿大/墨西哥/欧洲/日本/越南/柬埔寨/孟加拉/德国/韩国
恃强凌弱 美式霸凌的外交污点,http://www.chinanews.com/gn/2019/05-22/8844073.shtml,中美贸易影响,美国,外交,平等,美方,霸凌,恃强凌弱,中国,科技,市场,合作,刘晨傅,北京/美国/中国
崔天凯大使谈中美贸易磋商：美方不止一次朝令暮改,http://www.chinanews.com/gj/2019/05-22/8844054.shtml,中美贸易影响,崔天凯,美国,贸易,中方,采访,美方,中国,华为,国家,应,崔天凯/已达成/福克斯/布雷特/贝尔/布雷特贝尔/克里斯托弗雷/斯诺登,中国/美国/西方
外交部：事实证明外商对华投资依然热情高涨,http://www.chinanews.com/gn/2019/05-21/8843467.shtml,中美贸易影响,投资,中国,企业,陆慷,市场,来华,美方,经济,美国,外国,陆慷/特斯拉,北京/中国/美国/日本
外交部：中美贸易协议必须双向平衡、平等互利,http://www.chinanews.com/gn/2019/05-21/8843472.shtml,中美贸易影响,贸易,协议,美国,平衡,陆慷,关系,平等互利,晓晨,外交部,发言人,陆慷/特朗普,北京/美国/中国
高关税加重美国民众生活负担 每双鞋涨价50多美元,http://www.chinanews.com/gj/2019/05-21/8843501.shtml,中美贸易影响,美国,关税,产品,鞋子,影响,中国,企业,家庭,约合,BBC,特朗普/里克赫芬宾/赫芬宾/安迪波尔克/波尔克/张敏,美国/中国/英国/越南/印尼
美国与中国协商合作才有利彼此更有利世界,http://www.chinanews.com/gn/2019/05-22/8843569.shtml,中美贸易影响,美国,经济,世界,中国,中美,全球,贸易,增长,企业,国,习近平/潘多拉/华盛顿/特斯拉/容得/姚亿博,美国/地球/中国/蒙大拿/阿拉斯加/太平洋
联合国报告：贸易争端损害全球经济增长前景,http://www.chinanews.com/gj/2019/05-22/8843586.shtml,中美贸易影响,贸易,全球,报告,经济,增长,国际,影响,指出,经济体,争端,,东亚/非洲/拉丁美洲/西亚/加勒比地区
印尼拟出台新“国家重建计划”,http://www.chinanews.com/gj/2019/05-22/8843628.shtml,中美贸易影响,印尼,计划,科,印尼政府,佐,经济,发展,财政,增速,降低,田原/班邦称/班邦/伦敦/斯莉/脱欧,印尼/纽约/英国
新华时评：美搅局国际贸易，很不靠谱！,http://www.chinanews.com/gn/2019/05-22/8843758.shtml,中美贸易影响,美国,国际贸易,搅局,中国,关税,靠谱,美方,秉持,章法,国家,何雨欣,北京/美国/中国/中国站
美媒：贸易战冲击美国社会多行业 损失远超预期,http://www.chinanews.com/gj/2019/05-22/8843963.shtml,中美贸易影响,美国,中国,关税,称,贸易摩擦,高校,增加,影响,货品,进口,特朗普/廖攀/高价/普兰特/杜克/谈一谈,美国/中国/江苏/连云港/费城/白宫/纽约/曼哈顿/佛罗里达州
中印高端对话：美国贸易霸凌主义不得人心,http://www.chinanews.com/gn/2019/05-22/8844005.shtml,中美贸易影响,文明,交流,中国,印度,发展,美国,全球化,鉴,国,互,罗照辉/印文明/尼赫鲁/钱德拉/库尔卡尼/乔什/伯杰/萨黑印/昌德/史两次/习近平/莫迪/玄奘/圣雄甘地/印中,美国/印度/孟买/中国/东南亚/中亚/武汉/亚洲/北京/亨廷顿/西方
任正非：一个国家的强盛，是在小学教师讲台上完成的,http://www.chinanews.com/gn/2019/05-22/8844041.shtml,中美贸易影响,任正非,教育,国家,董倩,华为,G,社会,央视,文化,基础教育,任正非/董倩/海思/云社会/朵云/乔布斯/才未来/完发/阿尔法,美国/中国/德国/大山/俄罗斯/上海/欧洲
专访：中国发展给亚太地区带来积极影响,http://www.chinanews.com/gn/2019/05-22/8844224.shtml,中美贸易影响,中国,夏巴,纳,阿利斯,亚太地区,一带,发展,国家,合作,持续发展,阿利斯/杨舟明/阿米达阿利斯,曼谷/中国/夏巴/亚洲/太平洋/中华人民共和国/北京/印度尼西亚/印尼
商家将被迫把关税转嫁给消费者 美商界感受贸易摩擦之痛,http://www.chinanews.com/gj/2019/05-22/8844261.shtml,中美贸易影响,关税,商业,美国,影响,奥兰治县,带来,贸易摩擦,商界,新华社,中美,安杰拉埃弗罗斯/欧文/琳达迪马里奥/马里奥/迈克尔德莱尼/埃里克威廉姆斯,洛杉矶/美国/加利福尼亚州/加州/中国/美中
外交部就美考虑对更多中国企业采取限制措施等答问,http://www.chinanews.com/gn/2019/05-22/8844421.shtml,中美贸易影响,中国,中方,国家,总统,美国,企业,合作,问,投资,答,习近平/穆罕默/杜伊/伊素福/李克强/普京/默克尔/马克龙/伊核/姚敬/马哈茂德/特朗普/谢尔曼/根哥布/盖莱/东航/张明/王毅,尼日尔/中国/北京/浙江/江西/非洲/俄罗斯/法国/伊朗/巴基斯坦/美国/纳米比亚/莫桑比克/吉布提/中欧/上海/中亚/印度/比什凯克/青岛/日本/斯里兰卡/科伦坡
“新南向”落空加速边缘化 台湾各界检视当局执政三周年,http://www.chinanews.com/tw/2019/05-22/8844436.shtml,中美贸易影响,台湾,当局,民进党,大陆,民众,两岸,两岸关系,美国,台当局,相关,陈思武/刘刚/李建华/程建人/陈一新/黄奎博/庞建国/赖岳谦/林祖嘉/刘心,台湾/台北/美国/中国/大陆/新南
林毅夫：我对中美贸易战的三个观点,http://www.chinanews.com/gn/2019/05-22/8844461.shtml,中美贸易影响,中国,美国,发展,贸易逆差,贸易,技术,国内,增长,国家,生产,林毅夫/特朗普/秋霞/曾朗/谈过/福特,中国/美国/惠东/加拿大/墨西哥/欧洲/日本/德国/韩国/来源国
林毅夫研判贸易争端前景：世界期待共享中国持续发展机遇,http://www.chinanews.com/cj/2019/05-22/8844511.shtml,中美贸易影响,中国,美国,林毅夫,发展,经济,美方,技术,逆差,贸易,世界,杨程晨/王恩博/林毅夫/骆云飞/福特/萨默斯,北京/中国/美国/加拿大/墨西哥/欧洲/日本
中国专家驳斥美方谬论：美国向中国买东西并非施以恩惠,http://www.chinanews.com/gn/2019/05-22/8844514.shtml,中美贸易影响,美国,中国,加征,贸易逆差,关税,占,林毅夫,贸易,中美,解决,林毅夫/骆云飞/余淼杰/周世俭,中国/美国/北京
蔡冠深：内地与香港优势互补 两地企业应携手“走出去”,http://www.chinanews.com/ga/2019/05-22/8844526.shtml,中美贸易影响,企业,香港,香港中华总商会,内地,蔡冠深,合作,北京,专业,访京,团,蔡冠深/蔡冠,北京/香港
专访：合作是解决中美经贸摩擦的唯一正确选择,http://www.chinanews.com/gn/2019/05-21/8842902.shtml,中美贸易影响,中国,美国,态度,解决,卡瓦略,世界,关税,加征,合作,达成,瓦加斯/德罗卡瓦略/陈威华/赵焱/卡瓦略,里约热内卢/巴西/美国/中国/巴中
全国政协委员高燕：中美贸易失衡是个“伪命题”,http://www.chinanews.com/gn/2019/05-21/8843004.shtml,中美贸易影响,贸易,美国,中国,企业,关税,所有权,应对,加征,投资,统计,高燕/申铖/海默/史密斯华,北京/中国/美国/加大力度
望海楼：美方一意孤行必将承受严重后果,http://www.chinanews.com/gn/2019/05-21/8842502.shtml,中美贸易影响,中国,美国,国家,美方,利益,国际,政策,世界,国,中方,苏晓晖/王毅/应是平/习近平,美国/中国/中美合作
用汽车关税施压贸易谈判 美国给欧盟脖子套上绳索,http://www.chinanews.com/gj/2019/05-21/8842505.shtml,中美贸易影响,美国,欧洲,欧盟,特朗普,分歧,关系,关税,汽车,默克尔,报道,特朗普/蓬佩/崔洪建/袁征/默克尔/盖里尼/亚马逊/战袁征/少锋/尹昊文/孙少锋,美国/日本/加拿大/俄罗斯/布鲁塞尔/莫斯科/欧洲/中国/英国/大西洋/伊朗/苏联/德国/德意志/中三
全国政协委员高燕：中美贸易失衡是个“伪命题”,http://www.chinanews.com/gn/2019/05-21/8842510.shtml,中美贸易影响,美国,贸易,中国,高燕,企业,关税,世界,美方,所有权,统计,高燕/林丽/海默/史密斯华,中国/美国/加大力度
中国驻欧盟使团团长：中美贸易摩擦升级责任完全在美方,http://www.chinanews.com/gn/2019/05-21/8842521.shtml,中美贸易影响,中方,美方,磋商,张明,态度,谈判,世界,国家,关税,合作,张明/张明美/步美方,布鲁塞尔/中美合作/中国
多家海外投资机构认为——中国有足够实力应对关税威胁,http://www.chinanews.com/cj/2019/05-21/8842557.shtml,中美贸易影响,中国,经济,政策,数据,影响,美国,应对,中国政府,企业,出口,蒋华栋/安石/德恩/约翰思/普福德,中国/美国
裘援平：中美经贸摩擦的根子在美国对华遏制政策,http://www.chinanews.com/gn/2019/05-21/8842640.shtml,中美贸易影响,美国,中国,美方,发展,经济,贸易,中美关系,世界,裘援平,关税,裘援平/刘羊旸,美国/北京/中国
港台媒体：美发动贸易战得不偿失 给自身增添巨大风险,http://www.chinanews.com/tw/2019/05-21/8842622.shtml,中美贸易影响,美国,中国,特朗普,关税,评论,称,香港,经济,黄豆,国际,特朗普/陈文/沃森/查斯弗里曼/郑永年/陈孟/特朗普华盛顿,中国/美国/深圳/香港/台湾/大陆/农场/西方/英国
美国遏制中国的企图昭然若揭,http://www.chinanews.com/cj/2019/05-21/8842791.shtml,中美贸易影响,中国,美国,全球,经济,南非,中美,摩擦,拉普,恩,世界,蔡淳/海恩斯/威利恩赫拉普/拉普/约翰博尔顿/特朗普/华盛顿/西腾/比勒姆贝特,南非/美国/中国/比勒陀利亚/非洲
贸易战如何影响美国家庭？ 一双鞋可能贵50多美元,http://www.chinanews.com/gj/2019/05-21/8842695.shtml,中美贸易影响,美国,关税,鞋子,中国,售价,影响,产品,消费者,家庭,协会,战对/特朗普/廖攀/季各大/波克,美国/英国/中国/纽约/越南/印尼
又见“新闻乌龙”，平台不能只推送不审核,http://www.chinanews.com/sh/2019/05-21/8842809.shtml,中美贸易影响,新闻,推送,信息,网站,审核,抢发,平台,新华社,发布,网络平台,倪明,
用臆想构建的“美国重建中国论”,http://www.chinanews.com/gn/2019/05-21/8843073.shtml,中美贸易影响,中国,美国,世界,贸易,重建,经济,全球,国际,国家,华工,郭言,美国/中国/北美/大陆/华尔街/地球/西方
特朗普称中美协议必须更有利于美国 外交部回应,http://www.chinanews.com/gn/2019/05-21/8843125.shtml,中美贸易影响,贸易,美国,协议,平衡,中国,关系,简单,中方,近日,媒体,特朗普/陆慷/韩晓明,美国/中国
陆慷引日机构报告驳特朗普言论：外商投资依然看好中国,http://www.chinanews.com/gn/2019/05-21/8843170.shtml,中美贸易影响,中国,美国,陆慷,贸易,企业,投资,经济,情况,协议,关税,梁晓辉/宋蕙/特朗普/陆慷/特斯拉,北京/美国/中国/越南/亚洲/日本
外媒：美发起贸易战损人不利己 让世界经济置身危险中,http://www.chinanews.com/gj/2019/05-21/8843279.shtml,中美贸易影响,美国,中国,经济,关税,贸易战,称,特朗普,日本,全球,贸易,特朗普/陈文/拜登/福克斯/布鲁姆菲尔德/彭博社/库德洛/布鲁诺/勒梅尔/张斌/马克西姆/奥列什金/维文,美国/中国/深圳/美国纽约/农场/科罗拉多州/新加坡/马来西亚/墨西哥/日本/法国/欧洲/厦门/韩国/东亚/俄罗斯/山西太原/张云
美方称对华加征关税迫使企业搬离中国 外交部回应,http://www.chinanews.com/gn/2019/05-21/8843275.shtml,中美贸易影响,中国,企业,投资,陆慷,美国,市场,美方,经济,称,情况,陆慷/特朗普/特斯拉,中国/美国/越南/亚洲/日本
中外人士：美无理要求将起反作用,http://www.chinanews.com/cj/2019/05-21/8843325.shtml,中美贸易影响,全球,美国,接受,投资,国际,沟通,中美,摩擦,经济,中国,李晓喻/陆克文/葛国瑞/莫汉/詹晓宁,海口/美国/中国/澳大利亚
外交部就美方对华为采取限制措施、海湾地区形势等答问,http://www.chinanews.com/gn/2019/05-21/8843361.shtml,中美贸易影响,中国,企业,美国,中方,答,问,投资,贸易,合作,国家,特朗普/萨尔维尼/张明/所罗门/特斯拉/华盛顿/申索,美国/中国/意大利/台湾/中国台湾地区/所罗门群岛/越南/亚洲/日本/肯塔基州/列克星敦/重庆/陕西/江西/甘肃省/肯塔基/田纳西/科罗拉多/巴格达/伊朗/中东
时评：美玩弄数字游戏混淆是非，很不地道！,http://www.chinanews.com/gn/2019/05-21/8843428.shtml,中美贸易影响,美国,商品,贸易,全球,影响,关税,消费者,中国,经济,警告,刘开雄/布雷顿/梅西,北京/美国/中国
农产品期货“冰火两重天” 波动风险需谨防,http://www.chinanews.com/fortune/2019/05-20/8841670.shtml,中美贸易影响,期货,市场,品种,农产品,价格,棉花,红枣,影响,情绪,走势,李岚君/瑞达/王翠冰/赵广钰/毕慧称/毕慧/舒扬,南疆/美国/南美/中国/印度
东亚中国2019年高端财富管理论坛在北京落幕,http://www.chinanews.com/business/2019/05-20/8841756.shtml,中美贸易影响,全球,市场,投资,中国,客户,东亚,经济,资产,专业,配置,叶檀/摩根/蒋先威/戴德梁行/魏东,东亚/中国/北京/香港
国际观察：美国极限施压挑战国际规则将自食恶果,http://www.chinanews.com/gj/2019/05-19/8841193.shtml,中美贸易影响,美国,施压,极限,国际,国家,做法,规则,伊朗,破坏,中国,路易斯金塔纳/马杜罗/贝尔纳德威特/特朗普/马库斯陶伯/阮宗泽/单赢/曼努埃尔耶佩/阿列克谢马斯洛夫/罗梅君/兰迪/朱建荣/赵卓昀/陈静/姜俏梅/徐烨/王瑛/张远张/栾海潘/穆东马,北京/美国/伊朗/俄罗斯/委内瑞拉/古巴/中国/日本/印度/玻利瓦尔/尼加拉瓜/比利时/德国/杜伊斯堡/埃森/罗马尼亚/巴黎/欧洲/中东
将制造业“逼”回美国？前4个月中国制造业吸引外资增长11.4%,http://www.chinanews.com/gn/2019/05-19/8841195.shtml,中美贸易影响,中国,投资,市场,全球,吸引外资,中部,外商投资,贸易摩擦,地区,新,欧喜/路虎/施耐德/蔡华/李洁/王萍/赵斌/高通/普洛斯/丁飞/成谢元/范存宝,中国/江西省/南昌市/英国/法国/美国/北美/上海/开发区
新华国际时评：出尔反尔——美式霸凌的诚信污点,http://www.chinanews.com/gn/2019/05-19/8841218.shtml,中美贸易影响,美方,美国,国际,霸凌,贸易,美式,磋商,协定,出尔反尔,诚信,许缘傅/威樊宇/布雷顿,北京/中国/美国/美韩/北美/法国/太平洋/巴黎
前4个月中国制造业吸引外资增长11.4%,http://www.chinanews.com/cj/2019/05-19/8841278.shtml,中美贸易影响,中国,投资,市场,吸引外资,全球,中部,外商投资,地区,贸易摩擦,增长,欧喜/路虎/施耐德/蔡华/李洁/操端晶/王萍/赵斌/高通/普洛斯/丁飞/成谢元/范存宝,美国/中国/江西省/南昌市/英国/法国/北美/上海/开发区
刘世锦：贸易战不能解决问题 只能导致两败俱伤,http://www.chinanews.com/gn/2019/05-19/8841408.shtml,中美贸易影响,中国,经济,美国,刘世锦,增长,国,美方,加征,关税,企业,刘世锦/陈炜伟,北京/中国/美国/华中
在极限施压下挺直脊梁 华为海思将成为科技自立的榜样,http://www.chinanews.com/gn/2019/05-20/8841445.shtml,中美贸易影响,华为,科技,海思,自立,做好,芯片,产品,战略,国家,技术,海思/李山/何庭波/特朗普/任正非,美国/中国
国际论坛：国际关系岂能退回到野蛮时代,http://www.chinanews.com/gn/2019/05-20/8841453.shtml,中美贸易影响,美国,美方,经济,国际,中国,全球,世界,国家,撒野,发展,瑞安哈斯/利为求,欧洲/中国/美国/德意志/德国/之利
海外多家媒体关注中美经贸摩擦——“美国吃亏论”是自欺欺人,http://www.chinanews.com/cj/2019/05-20/8841491.shtml,中美贸易影响,美国,贸易,关税,中国,全球,经济,称,争端,消费者,中美,翟朝辉/昂得雷/特朗普,美国/英国/牛津/匈牙利/西方/中国/捷克/法国/欧洲
声明：《中美贸易战停火！止战！》系2018年旧闻,http://www.chinanews.com/gn/2019/05-20/8841612.shtml,中美贸易影响,新华社,发布,战,谴责,止,停火,盗用,予以,新闻,名义,,
“中美贸易战停火！止战！”系旧稿,http://www.chinanews.com/gn/2019/05-20/8841627.shtml,中美贸易影响,贸易战,篇文章,新闻,稿,旧,朋友圈,平台,文章,止,战,华盛顿,中国
希望中美经贸摩擦早日解决——一位美国豆农的心声,http://www.chinanews.com/gn/2019/05-20/8841900.shtml,中美贸易影响,大豆,美国,农场,摩擦,克斯奈德,谢,路易斯安那州,约,中国,出口,潘丽君/张墨成/高路/雷谢/克斯奈德/保罗奥库安/安说/皮尔逊/克斯奈德奥库安皮尔逊/王迎,美国/巴吞鲁日/路易斯安那州/农场/中国海/中国
中国“应战”道义当先 以德服人底气十足,http://www.chinanews.com/gn/2019/05-20/8841926.shtml,中美贸易影响,美方,中国,中方,发展,磋商,经济,诚意,原则,升级,以德服人,安英昭/孟子/王毅/义字/马朝旭/战是,北京/中国/美国/日本
不惧外部冲击 中国金融市场仍有“稳定之锚”,http://www.chinanews.com/gn/2019/05-20/8842230.shtml,中美贸易影响,中国,经济,稳定,金融,人民币,增长,货币,发展,指出,关税,王孝松/孝松/盛松成/潘功胜/张明/马骏,中国/北京/美国
社评：如果弱到一掐就死，华为安能引领5G,http://www.chinanews.com/gn/2019/05-20/8842342.shtml,中美贸易影响,华为,中国,美国,断供,技术,供应链,G,网络,影响,能力,灵思/任正非/路华为,中国/美国/西方
全国政协常委裘援平：中美经贸摩擦的根子在美国对华遏制政策,http://www.chinanews.com/gn/2019/05-20/8842410.shtml,中美贸易影响,美国,中国,美方,发展,经济,贸易,中美关系,世界,关税,裘援平,裘援平/刘羊旸,北京/美国/中国
逆历史潮流而动 终将被历史抛弃——戳穿美方霸凌主义真面目,http://www.chinanews.com/gn/2019/05-20/8842432.shtml,中美贸易影响,美国,中国,美方,关税,贸易,加征,知识产权,经济,国家,发展,特朗普/杰弗里萨克斯/保罗克鲁格曼/李永/斯蒂芬罗奇/斯穆特/霍利/戴维斯蒂芬斯/斯蒂芬斯/穆迪/马克/拉里库德洛/屠新泉/特斯拉/通宝洁/乔丹/高通/迪奥尔/万科技/高锐/马克龙/霍曼/黑手/斯诺登/维基/罗伯特霍马茨/陈二厚/张旭东/李忠发/韩洁/陈芳/于佳欣/杨依军/刘红霞/张泉/曹筱凡,北京/美国/中国/美东/英国/新兴国家/牛津/太平洋/巴黎/亚洲/美中/上海/来源国/法国/东亚/西班牙/德国/阿联酋/多国/澳大利亚/荷兰/泰山/西南
光明日报评论员：美国唯我独尊只会四处碰壁,http://www.chinanews.com/gn/2019/05-21/8842493.shtml,中美贸易影响,美国,美方,唯我独尊,中国,贸易战,关税,磋商,贸易,利益,国际,,美国/中国/地球/台湾/南海/叙利亚/波斯/委内瑞拉
光明日报谈中美贸易摩擦：丢掉幻想 准备斗争,http://www.chinanews.com/gn/2019/05-21/8842494.shtml,中美贸易影响,中国,发展,美方,贸易战,面对,美国,国家,斗争,和平,复兴,毛泽东/战战,中国/美国/北京/秦川
错误认知导致的“自残式”博弈策略将“血本无归”,http://www.chinanews.com/gn/2019/05-18/8840352.shtml,中美贸易影响,美国,中国,美方,认知,关税,发展,中方,国家,产业链,世界,华盛顿/杰维斯/艾森豪威尔/乔纳森戈德/周长/沈逸,中国/美国/古巴/地球/大陆/日本/西方/危地马拉/智利/东南亚
没有任何力量能够阻挡中国人民实现梦想的步伐,http://www.chinanews.com/gn/2019/05-17/8839161.shtml,中美贸易影响,中国,经济,世界,美国,发展,贸易,人民,全球,贸易战,国际,华盛顿/习近平/曾用/莫听/林打叶/都造/马克思恩格斯/战好/危为机/钟轩理,中国/蒙上/美国/西南/徐行/黄河/汶川/蒙大拿/阿拉斯加/土山/地球/大道
中国驻英大使：保护主义是国际社会共同的敌人,http://www.chinanews.com/hr/2019/05-17/8839250.shtml,中美贸易影响,中方,中国,国际,世界,发展,英国,贸易,贸易战,谈判,合作,刘晓明/伦敦,英国/中国
中国驻英大使：保护主义是国际社会共同的敌人,http://www.chinanews.com/gn/2019/05-17/8839292.shtml,中美贸易影响,中国,国际,英国,世界,发展,贸易,贸易战,合作,刘晓明,中方,伦敦/张平/刘晓明,英国/中国
美版“豆你玩” 骗你没商量,http://www.chinanews.com/cj/2019/05-17/8839729.shtml,中美贸易影响,美国,中国,兄弟,豆,农民,豆子,老乡,援助,美国政府,农业,农成/钱可海/钱入/那审/特朗普,美国/北达科他州/艾奥瓦州/堪萨斯/印第安纳/农场/中国/以色列/埃及/约旦/俄亥俄州/原平
营商环境持续优化 中国对全球投资者吸引力不减,http://www.chinanews.com/cj/2019/05-17/8839747.shtml,中美贸易影响,中国,增长,同比,环境,制造业,营商,服务业,投资,吸收外资,市场,李晓喻/苏庆义/张菲,中国/北京/美国/开发区
爱信诺征信：4月企业发展动能继续修复，收入稳步增长,http://www.chinanews.com/business/2019/05-17/8839806.shtml,中美贸易影响,企业,指数,下降,回落,制造业,降至,增长,4月,稳,行业,,中国/四川/江西/广东
华南美国商会：这样的“战争”不可能有赢家,http://www.chinanews.com/cj/2019/05-17/8840201.shtml,中美贸易影响,美国,美国商会,国,美中,发展,争端,中国,华南,贸易,合作,王华/华盛顿/哈利赛亚丁/傅瑞伟/汤姆洛弗勒/詹姆斯金/陈越华,广州/华南/美中/美国/亚洲/中国/韩国/广东省/广东
美国肆意挥舞关税大棒损人不利己,http://www.chinanews.com/gn/2019/05-18/8840280.shtml,中美贸易影响,美国,中国,全球,关税,经济,贸易,影响,贸易摩擦,经济学家,产业链,加布里埃尔费尔贝迈尔/谢栋铭/伊福/勒梅尔/塞西莉亚贝洛拉/汤之敏/利昂内尔/格雷厄姆/艾利森/陈光炎/威尔逊李弗洛雷斯/伦敦/冯雪珺/刘军国/芮赵益/普葛/刘玲玲/许立群,美国/中国/德国/基尔/新加坡/拉丁美洲/荷兰/法国/欧洲/泰国/东盟/韩国/美国纽约/费加罗/南洋/菲律宾/柏林/东京/曼谷/巴黎/首尔
美方为何出尔反尔还倒打一耙？它真正目的并非贸易这么简单,http://www.chinanews.com/gn/2019/05-18/8840321.shtml,中美贸易影响,中国,美国,磋商,美方,关税,中方,国家,经济,谈判,加征,国元首/屠新泉/李永/杰弗里萨克斯/普利策/罗宾逊/马克范霍伊克伦/马克龙/金灿荣/余淼杰/王昌林,中国/美国/法国/巴黎/西方
欧洲时报：特朗普不应让全球为其贸易政策买单,http://www.chinanews.com/hr/2019/05-18/8840339.shtml,中美贸易影响,美国,中国,经济,世界,特朗普,贸易,磋商,全球,经济体,增长,特朗普/谈边/欧中,法国/欧洲/美国/中国/韩国/加拿大/墨西哥/日本
新华时评：美无视发展大势，很不清醒！,http://www.chinanews.com/gn/2019/05-18/8840418.shtml,中美贸易影响,美国,中国,大势,发展,经济,全球,贸易,中美,清醒,争端,孙闻/郑良,北京/美国/中国
中国常驻联合国代表团就中美经贸磋商有关问题举行吹风会,http://www.chinanews.com/gn/2019/05-18/8840403.shtml,中美贸易影响,马朝旭,中方,中国,联合国,中美关系,贸易,中美,国,合作,全球,马德林/马朝旭,中国/美国/英国/法国/韩国/新加坡/印度尼西亚/加拿大/墨西哥/阿尔及利亚/埃塞俄比亚
海外华媒：美不应让全球为其贸易政策买单 平等合作才能共赢,http://www.chinanews.com/hr/2019/05-18/8840501.shtml,中美贸易影响,美国,中国,美方,近日,贸易,最终,文章,中美,解决问题,特朗普,冉文娟/华媒/特朗普/华盛顿/奥塔维奥莱/罗斯/汉密尔顿莫朗/约翰梅瑞尔/瑞尔,北京/美国/法国/欧洲/中国/菲律宾/南美/巴西/古巴/亚拉巴马州
全球化“搅局者”无胜算,http://www.chinanews.com/gj/2019/05-18/8840554.shtml,中美贸易影响,美国,全球化,中国,经济,世界,贸易,投资,进程,市场,贸易摩擦,聂芝芯/特朗普,北京/美国/中国/达沃斯
全球经济放缓，美国真能独善其身？,http://www.chinanews.com/gn/2019/05-18/8840694.shtml,中美贸易影响,经济,美国,增长,全球,世界,贸易摩擦,指出,中国,日本,贸易,特朗普/侯雨彤/何伟文/曹永福/季受/高盛/格林斯潘/张燕生/伦敦/加布里埃尔斯特恩/崔凡/玛丽欧文斯汤姆森/孙秋霞,美国/中国/美国纽约/牛津/日本/韩国/泰国/越南/美中/加拿大/墨西哥/日内瓦/瑞士
光明日报评论员：不惹事，不怕事，中国有大国的样子,http://www.chinanews.com/gn/2019/05-19/8840912.shtml,中美贸易影响,中国,美国,发展,世界,经济,国际,习近平,全世界,大国,人民,谈道义/愈奋/保和平/习近平/国大国,中国/美国/西方/亚洲/欧洲/多国/温州
告别大涨大跌 中国房地产“经济稳定器”作用凸显,http://www.chinanews.com/cj/2019/05-19/8841001.shtml,中美贸易影响,房地产,中国,经济,城市,市场,稳定器,楼市,行业,平稳,未来,庞无忌/张明/何敏仪/托底/章华/施策一/施策,中国/北京/城镇/东莞/苏州/佛山/大连/南宁
美国“闭关锁国”和轻易许诺不会让民众获得实益,http://www.chinanews.com/gn/2019/05-19/8841091.shtml,中美贸易影响,美国,农民,特朗普,民众,关税,富士康,全球,制造业,中国,贸易战,魏晞/特朗普/威斯康辛/加增,美国/北京/中国/日本/加拿大/墨西哥/新州
中方：美方做法使磋商严重受挫 不掌握美方来华磋商计划,http://www.chinanews.com/gn/2019/05-16/8838818.shtml,中美贸易影响,中国,中方,关税,美国,美方,加征,措施,问,答,磋商,赵隽/华美资,美国/中国/阿根廷
外交部就中美经贸摩擦、中荷关系等答问,http://www.chinanews.com/gn/2019/05-16/8838828.shtml,中美贸易影响,中方,中国,问,国家,答,文明,企业,美方,国际,发展,陆慷/汤普森/习近平/帕夫洛普洛斯/布哈里/康明凯迈克尔/方有何/康明凯因/迈克尔/努钦/莱特希泽/迈克尔康明凯,荷兰/中国/美国/俄罗斯/北京/亚洲/希腊/尼日利亚/非洲/加拿大
美国贸易战的实质是遏制中国,http://www.chinanews.com/gn/2019/05-15/8837576.shtml,中美贸易影响,中国,美国,关税,特朗普,磋商,遏制,贸易战,中美,贸易,大棒,安全球/特朗普/哈珀/敢抡/少胜利/陈壮,美国/中国/西方/新平/美中/孟加拉国/越南/日本
美方唱衰中国经济 中方：有能力抵御任何外部冲击,http://www.chinanews.com/gn/2019/05-15/8837568.shtml,中美贸易影响,中国,经济,增长,世界,美方,贸易,拥有,耿爽,中方,预期,黄钰钦/宋蕙/耿爽/特朗普,中国/北京/美国/东盟
评论：歇斯底里的班农煽动美国陪他发疯,http://www.chinanews.com/gn/2019/05-15/8837581.shtml,中美贸易影响,中国,美国,班农,世界,国家,发展,回到,对华,美国股市,影响,班农/华盛顿,美国/中国/欧洲/白宫
港股阴霾暂散扬升近150点 专家料波幅将收窄,http://www.chinanews.com/ga/2019/05-15/8837668.shtml,中美贸易影响,反弹,升,均,市场,全日,收报,近,波幅,底,环球,曾见/张智威/郭思,香港/上海/尚志/印度
外交部：敦促美方停止借口安全问题打压中国企业,http://www.chinanews.com/gn/2019/05-15/8837690.shtml,中美贸易影响,中国,中方,美国,美方,经济,问,国际,世界,关税,合作,耿爽/卡马罗夫/王勇/特朗普/莫朗/王岐山/习近平/国元首/王毅,伏尔加河/俄罗斯/中国/长江/美国/巴西/上海/俄国/中俄/东盟
应对外来压力 今天国务院常务会议定了两件大事,http://www.chinanews.com/gn/2019/05-15/8837873.shtml,中美贸易影响,经济,网络,中国,发展,就业,产业,提速,升级,企业,推动,侯雨彤/额达/张燕生/张莉称/牛犁称/熊鸿儒/李晓华/王军称/张建平/施策/刘爱华/李晓喻/张文/张文晖/冯玲玲/陈颖,中国/北京/中原
美方称“遭到不公平对待”是瞪眼说瞎话,http://www.chinanews.com/gn/2019/05-16/8837990.shtml,中美贸易影响,美国,中国,企业,公平,贸易,中美,出口,关税,国,产业,,美国/中国
美单边主义导致全球经济紧张不安,http://www.chinanews.com/gn/2019/05-16/8837996.shtml,中美贸易影响,美国,中国,全球,国家,贸易,做法,罗布勒,经济,非洲,国际,欧美司/格特格罗布勒/蔡淳/罗布勒/国元首/习近平,南非/比勒陀利亚/美国/非洲/中国/布宜诺斯艾利斯/撒哈拉/非洲地区/俄罗斯/加拿大/墨西哥/日本
班农：偏执且疯狂的“冷战活化石”扭曲中美战略关系的努力注定徒劳,http://www.chinanews.com/gn/2019/05-16/8838148.shtml,中美贸易影响,美国,班农,中国,思想,世界,文明,影响,国家,德国,中美关系,习近平/斯金纳/斯蒂芬班农/班农/布赖特巴特/撒克逊/米亚/希特勒/麦卡锡/特朗普/脱欧/高盛/布雷布赖特/默瑟/莫外/沈逸,中国/美国/白宫/剑桥/西方/长河/德国/波西/德意志/美利坚/日本/英国/洛杉矶/华尔街/亚洲
经济观察：应对外部冲击 中国“长短结合”稳经济,http://www.chinanews.com/gn/2019/05-16/8838390.shtml,中美贸易影响,经济,中国,网络,升级,发展,就业,稳,降,提速,中新社,李晓喻/张燕生/熊鸿儒/张莉/李晓华/王军称/于海洋/施策/刘爱华,中国/北京/张云/中原
香港特区政府新财政年度财政预算案获立法会通过,http://www.chinanews.com/ga/2019/05-16/8838874.shtml,中美贸易影响,预算案,经济,香港,草案,新,陈茂波,财政,拨款,民生,陈,焯龙/陈茂波/茂波/利民生,香港
中美贸易摩擦再次升级 美国媒体将矛头指向特朗普政府,http://www.chinanews.com/gn/2019/05-16/8838911.shtml,中美贸易影响,特朗普,美国,关税,中国,指出,贸易战,文章,时间,农民,商品,特朗普/侯雨彤/彭博社/特朗普特朗普/孙秋霞,中国/美国/美国纽约/美中/白宫/欧洲
这样的变脸，地球人不愿看,http://www.chinanews.com/gn/2019/05-16/8838936.shtml,中美贸易影响,美方,变脸,美国,中国,谈判,会晤,中方,结束,商品,没,华盛顿/莱特希泽/马克龙/胡为,中国/美东/美国/地球/朝鲜/新加坡/河内/法国/欧洲
“关税让美国更强大！” 美国民众：“他骗人！”,http://www.chinanews.com/gn/2019/05-16/8838937.shtml,中美贸易影响,中国,美国,美国政府,企业,关税,交流,市场,企,加征,中美,曼迪逊/高多人/费正清/回拉,中国/美国/华尔街/上海/白宫
美将华为列入管制“实体名单” 中方回应,http://www.chinanews.com/gn/2019/05-16/8838928.shtml,中美贸易影响,中方,企业,管制,陆慷,国家,措施,出口,实体,提问,发言人,黄钰钦/宋蕙/陆慷,北京/中国/美国
从来就没有什么救世主——“美国重建中国论”可以休矣,http://www.chinanews.com/gn/2019/05-17/8839038.shtml,中美贸易影响,中国,美国,重建,发展,投资,救世主,世界,逻辑,中美,国家,摩根士丹利/史蒂芬罗奇/卡托/斯科特/科姆,美国/中国/北京/亚洲/美中/林西
国际舆论认为：中国有足够实力应对美国霸凌,http://www.chinanews.com/gn/2019/05-17/8839146.shtml,中美贸易影响,美国,中国,经济,关税,东盟,导致,环境,市场,摩擦,国际,田原/白云飞/惠誉/高美欧/特朗普/穆赫/农在,中国/美国/东盟/亚洲/印尼/越南/泰国/韩国
人民日报署名文章：“加征关税有利论”可以休矣,http://www.chinanews.com/gn/2019/05-15/8836759.shtml,中美贸易影响,关税,美国,加征,中国,消费者,美方,经济,商品,提高,磋商,,北京/中国/美国/英国
多份数据出炉 加征关税影响正向美国零售商和消费者传导,http://www.chinanews.com/gn/2019/05-13/8834735.shtml,中美贸易影响,美国,关税,加征,中国,商品,消费者,占,影响,承担,进口,刘鹤/高凌云/皮那洛/普戈/帕布罗法戈鲍姆/特朗普/梁明/戴尔/王孝松/丁飞,中国/美国/凌云/德堡/东盟
评论：台湾经济表现不如人意 如何度过难关？,http://www.chinanews.com/tw/2019/05-13/8834853.shtml,中美贸易影响,台湾,蔡英文,经济,投资,当局,成长率,表现,国家,时期,签订,蔡英文/马英/伦敦/季新南/荣景/陆资来/史瓦帝/钱坑,台湾/亚洲/大陆/新西兰/新加坡/巴拉圭
美方不断嚣张喊话，实为自我打气,http://www.chinanews.com/gn/2019/05-13/8835607.shtml,中美贸易影响,中国,美国,关税,美方,贸易战,经济,白宫,能力,市场,影响,库德洛/库德/特朗普/华盛顿/福特,白宫/美国/洛美/中国/蒙人/亚洲
人民日报：“美国吃亏论”可以休矣,http://www.chinanews.com/gn/2019/05-14/8835704.shtml,中美贸易影响,美国,中国,经济,贸易,贸易逆差,吃亏,制造业,生产,全球,受害者,肯尼迪/卡门莱因哈特/罗伯特赖特非,美国/中国/多国
社评：美方不断嚣张喊话，实为自我打气,http://www.chinanews.com/gn/2019/05-14/8835759.shtml,中美贸易影响,中国,美国,关税,美方,贸易战,经济,白宫,能力,市场,影响,库德洛/库德/特朗普/华盛顿/福特,白宫/美国/洛美/中国/蒙人/亚洲
狂妄而短视的霸凌主义,http://www.chinanews.com/gn/2019/05-14/8836534.shtml,中美贸易影响,美国,中国,全球,贸易,中美,经济,关税,国际,世界,国家,斯蒂夫苏拉诺维奇/亚当斯密/特朗普,中国/美国
美国股市带头戳破华盛顿的谎言,http://www.chinanews.com/gn/2019/05-14/8836556.shtml,中美贸易影响,中国,美国,贸易战,股市,经济,星期一,关税,投资者,华盛顿,市场,华盛顿/特朗普/战对/许下,中国/美国/白宫
外交部谈贸易战：中方不想打不愿打，但绝不怕打,http://www.chinanews.com/gn/2019/05-14/8836597.shtml,中美贸易影响,中方,中国,美方,磋商,答,问,投资,关税,企业,作出,耿爽/王岐山/安东尼奥汉密尔顿马尔丁斯莫朗/特朗普/习近平/国元首/李克强/华盛顿/华建设/特斯拉,巴西联邦共和国/中国/巴西/日本/挪威/奥地利/匈牙利/欧洲/中欧/美国/上海/北京
日本称当前经济形势不会影响提高消费税方针,http://www.chinanews.com/gj/2019/05-14/8836595.shtml,中美贸易影响,经济,日本,提升,形势,消费税,大臣,恶化,困难,评估,影响,吕少威/安倍晋三/雷曼/麻生太郎/世耕弘,东京/日本
践踏规则的危机制造者,http://www.chinanews.com/gn/2019/05-14/8836632.shtml,中美贸易影响,美国,全球,贸易战,中国,经济,国际,国家,历史,投资,世界,查尔斯/金德尔伯格/麦肯锡/特朗普/比利/伊恩布雷默特朗普高/里根/伍尔西/班农/华盛顿,美国/加拿大/墨西哥/中国/日本/欧洲/英国/北美/新兴国家/巴黎/美国纽约/苏联/白宫/长安街
霸凌主义只会激发中国迎难克坚,http://www.chinanews.com/gn/2019/05-15/8836872.shtml,中美贸易影响,中国,美方,中方,谈判,美国,世界,霸凌,关税,贸易,经济,易胜/习近平/石未来/张斐晔/曹元龙/李曾,中国/阿根廷/东盟/美国
专家学者指出美方在谈判中不讲规则蛮横无理,http://www.chinanews.com/gn/2019/05-15/8836920.shtml,中美贸易影响,美方,专家,磋商,中方,诚意,中美,贸易,利益,中国,霸凌,,中国
英媒：中美贸易摩擦升级 数据显真相专家论输赢,http://www.chinanews.com/gj/2019/05-15/8837068.shtml,中美贸易影响,美国,关税,中国,增加,消费者,指出,总统,生产,贸易,研究,特朗普/克里斯托弗邦迪/梅利迪斯克罗利/普里斯顿/佩妮洛皮/戈德/克里斯托弗邦迪特朗普/克罗利/奥巴马/罗纳/德里根/哈利戴维森/里根/邦迪,美国/中国/加拿大/越南/日本
海外华媒：美国一意孤行，损失将由中美双方乃至全球买单,http://www.chinanews.com/hr/2019/05-15/8837052.shtml,中美贸易影响,美国,全球,关税,指出,贸易战,文章,经济,特朗普,影响,会,周欣嫒/高盛/特朗普/谈留/库德洛,北京/美国/中国/白宫/加拿大/欧洲/日本/新西兰/慕尼黑/英国/亚洲/新兴国家
国台办：两岸经济合作大潮和大势是挡不住的,http://www.chinanews.com/tw/2019/05-15/8837142.shtml,中美贸易影响,大陆,马晓光,台湾,投资,企业,摩擦,经济,世界,发布会,称,马晓光/杨可佳/台企,台湾/大陆
知识产权小偷？中国不背这口黑锅！,http://www.chinanews.com/cj/2019/05-15/8837171.shtml,中美贸易影响,中国,知识产权,美国,数据,保护,黑锅,自愿,世界,小偷,商业,特朗普/杰克逊/斯蒂芬罗奇/管服/佘惠敏,中国/美国/大陆
中美贸易摩擦将影响中国经济运行？国家统计局回应,http://www.chinanews.com/cj/2019/05-15/8837179.shtml,中美贸易影响,经济,中国,刘爱华,增长,发展,消费,未来,潜力,持续,表现,刘爱华/贺俊怡,中国/江苏/连云港/城镇
得道多助失道寡助 贸易摩擦没有独赢,http://www.chinanews.com/gn/2019/05-15/8837238.shtml,中美贸易影响,美方,中国,贸易,磋商,中方,措施,中美,美国,贸易摩擦,世界,郑安峰/库德洛/罗伯特阿泽维多,北京/中国/美国
前4月全国新增就业人数同比减少12万 统计局回应,http://www.chinanews.com/cj/2019/05-15/8837246.shtml,中美贸易影响,就业,刘爱华,新增,全国,城镇,总量,政策,新闻,分析,创新,刘爱华/于海洋,城镇/中国/新登
国是论坛丨美国的不理性，将给全球经贸带来更多风险和不确定性,http://www.chinanews.com/gj/2019/05-10/8833542.shtml,中美贸易影响,美国,中国,关税,贸易,全球,影响,世界,经济,消费者,企业,东艳/高凌云/李永/白明/鞠建东/王勇/王孝松/李晓喻/秋霞,北京/美国/中国
国际锐评：解决中美经贸摩擦 关键在照顾彼此关切,http://www.chinanews.com/gn/2019/05-11/8833591.shtml,中美贸易影响,中国,中方,磋商,美方,经济,关税,谈判,加征,未来,分歧,华盛顿/刘鹤/巴菲特,北京/美国/中国
台湾出口连续6个月负成长,http://www.chinanews.com/tw/2019/05-07/8830227.shtml,中美贸易影响,出口,台湾,减少,同比,减弱,电子,国际,持续,成长,财政,,台北/台湾/台湾地区/美国/中国/大陆/香港/东盟/日本/欧洲
新华时评：磋商才是解决问题的正确路径,http://www.chinanews.com/gn/2019/05-08/8830364.shtml,中美贸易影响,中国,经济,磋商,合作,共赢,世界,中美,美方,人民,中方,韩洁/刘鹤/华盛顿/福音,北京/中国/亚洲/阿根廷/西方
今年前4月中国外贸进出口总值9.51万亿 同比增4.3%,http://www.chinanews.com/cj/2019/05-08/8830722.shtml,中美贸易影响,增长,进口,我国,进出口,总值,占,下降,出口,贸易顺差,均价,陈文,东盟/日本/中欧/美国
4月中国外贸额同比增6.5% 进口增速创年内新高,http://www.chinanews.com/cj/2019/05-08/8830880.shtml,中美贸易影响,增长,中国,同比,外贸,增速,总额,同期,贸易额,进出口,均,李晓喻/居中日/李魁文,北京/中国/中欧/东盟/日本
经济观察：4月进出口增速放缓不改中国外贸韧性,http://www.chinanews.com/cj/2019/05-08/8831222.shtml,中美贸易影响,中国,进口,外贸,增速,贸易,出口,一带,增长,竞争力,经济,李晓喻/汪涛称/白明/赵萍/张建平,中国/北京/东盟/日本
外交部就美国提及中国二氧化碳排放量上升等问题答问,http://www.chinanews.com/gn/2019/05-08/8831295.shtml,中美贸易影响,中方,问,美方,中国,答,国际,协议,委内瑞拉,香港,磋商,耿爽/拉夫罗夫/王毅/伦伯格/鲁哈尼/拉格齐/蓬佩/国元首/已达成/盖里尼/利马/欧方/刘鹤/华盛顿,俄罗斯/加拿大/中国/伊朗/美国/中东/德黑兰/台湾/北极/巴黎/北京/俄国/香港/中华人民共和国/委内瑞拉/古巴
社评：美国要摆“鸿门宴”，但吓唬不住中国,http://www.chinanews.com/gn/2019/05-09/8831586.shtml,中美贸易影响,美方,中方,美国,中国,贸易战,华盛顿,关税,升级,中美,谈判,华盛顿/方式美,美国/中国/北京
浙大公布自主招生初审名单,http://www.chinanews.com/sh/2019/05-09/8831841.shtml,中美贸易影响,招生,自主,考生,浙大,初审,面试,学生,学科,学校,参加,湛王湛/王湛,浙江
中国数字经济势头猛动力足,http://www.chinanews.com/cj/2019/05-09/8832553.shtml,中美贸易影响,数字,中国,经济,经济发展,发展,市场,我国,国家,全球,企业,汪遒/习近平/苏宁,中国/东南亚/美国
关税大棒损人害己,http://www.chinanews.com/gn/2019/05-10/8833026.shtml,中美贸易影响,关税,中国,美国,美方,中方,升级,损害,贸易战,发展,中,华盛顿/汤姆多诺霍,中国/美国/美中
中国不会屈服于任何极限施压,http://www.chinanews.com/gn/2019/05-11/8833604.shtml,中美贸易影响,中国,美方,美国,中方,谈判,贸易,发展,磋商,共赢,贸易摩擦,华盛顿/傅立民,中国/大道/美国/乌拉圭/多哈/中美合作
磋商要平等互利 得适应打打谈谈,http://www.chinanews.com/gn/2019/05-11/8833614.shtml,中美贸易影响,磋商,美方,分歧,中方,国内,发展,沟通,中国,公平,谈谈,刘鹤/陶然/谈边/令狐,中国/美国
数据说话！为贸易摩擦买单的不止中美,http://www.chinanews.com/cj/2019/05-12/8834595.shtml,中美贸易影响,中国,关税,美国,影响,加征,措施,经济,商品,世界,贸易摩擦,战是/梁明/高凌云/高柏美/摩根士丹利摩根士丹利/李春顶/远超/张燕生/陈文玲/魏建国/吴必轩/李晓喻,美国/中国/普林斯顿/亚洲/沟里
原则底线决不让步 中国有实力应对各种挑战,http://www.chinanews.com/gn/2019/05-12/8834604.shtml,中美贸易影响,中国,关税,美国,专家,美方,加征,发展,中方,合作,经济,韩洁/于佳欣/华盛顿/高凌云/陈文玲/特斯拉福特/梁明/魏建国/国应/喻王文/张燕生/王晋斌/严金明,中国/北京/美国/凌云
新华社评论员：无惧风雨，砥砺前行,http://www.chinanews.com/gn/2019/05-12/8834616.shtml,中美贸易影响,中国,发展,世界,美方,经济,面对,中方,关税,解决,磋商,习近平,北京/中国/美国/发展路/发展辉煌
“美国吃亏论”站不住脚 加征关税损害双方利益,http://www.chinanews.com/gn/2019/05-13/8834702.shtml,中美贸易影响,中国,经济,美国,贸易,关税,中美,中方,美方,加征,增长,步美/王文/陈文玲/高凌云/魏建国/王晋斌/严金明/于春海/张燕生/金明美/林丽/丁怡婷,美国/中国
任何挑战都挡不住中国前进的步伐,http://www.chinanews.com/gn/2019/05-13/8834705.shtml,中美贸易影响,中国,经济,发展,世界,美国,合作,国,贸易摩擦,改革开放,利益,华盛顿/里克赫芬贝/比斯马克/洛维内兹尔/吉姆塔/拉加德/危为机/战稳/习近平/迪士尼/于民/修昔底/国需/科斯/管服/敢闯/斯梅/雷沃/艾青,中国/美国/蒙上/阿根廷/布宜诺斯艾利斯/堪萨斯州/农场/城镇/太平洋/上海/湖北/河南/辽宁/北京/大道/塞尔维亚/马尔代夫/黑山共和国/白俄罗斯/日本/深圳/地球/新兴国家
中国已做好全面应对的准备,http://www.chinanews.com/cj/2019/05-13/8834734.shtml,中美贸易影响,中国,美国,关税,中方,贸易,加征,磋商,美方,经济,产品,华盛顿/刘鹤第/习近平,中国/美国/东盟
一季度中国经济数据“开门红” 市场信心明显改善,http://www.chinanews.com/cj/2019/05-02/8826198.shtml,中美贸易影响,经济,中国,预期,一季度,政策,增长,进一步,企业,减税,稳,宗高/张倩蓉/王泽彩/毛盛勇/项宏观/李克强/林致远/脱欧/张永军,中国/城镇/新加坡/英国
年内人民币汇率升值2.45%处于强势波动状态,http://www.chinanews.com/cj/2019/04-19/8813891.shtml,中美贸易影响,人民币,汇率,央行,指数,贸易谈判,运行,波动,国内,因素,证券日报,苏诗钰/金诚/王青/曹啸/王青一/脱欧,美国/中国/英国
马云参加中国绿公司年会 预言今年企业家四大机遇,http://www.chinanews.com/business/2019/04-23/8817492.shtml,中美贸易影响,企业家,马云,机遇,企业,经济,绿,中国,机会,年会,梭梭树,马云/黄云灵/张晨,中国/浙江/杭州/甘肃省/敦煌市/欧洲/南美/亚洲各国/新平
马云：沙漠里的梭梭树就是企业家精神,http://www.chinanews.com/cj/2019/04-23/8817815.shtml,中美贸易影响,企业,企业家,梭梭树,马云,经济,精神,探险家,中国,生命力,学会,赵小燕/黄慧/马云/马云称,杭州/中国/西亚/欧洲
“一带一路”打造新型全球化标杆,http://www.chinanews.com/gn/2019/04-25/8819318.shtml,中美贸易影响,一带,全球,中国,国家,倡议,治理,全球化,经济,国际,沿线,敬伟/毛雷尔,北京/欧洲/奥地利/葡萄牙/匈牙利/意大利/卢森堡/法国/德国/英国/西班牙/日本/韩国/中国/瑞士/西方/亚洲/美国
一带一路建设促进中心主任：“一带一路”进入第二阶段,http://www.chinanews.com/gn/2019/04-25/8819441.shtml,中美贸易影响,一带,中国,建设,国家,共建,企业,合作,新闻周刊,翟东升,投资,翟东升/霍思伊/习近平,中国/北京/美国/俄罗斯/中亚/西方/产业园
成立教育产业实验室 创业黑马携手行业巨头赋能中小创业者,http://www.chinanews.com/business/2019/04-26/8821443.shtml,中美贸易影响,教育,产业,黑马,企业,升级,创业,实验室,创业者,行业,发展,文文/文文牛/尚德/徐小平/俞敏洪/洪泽/华图/高思,美国/中国
香港财政司司长：外围及香港本地经济近期不乏正面发展,http://www.chinanews.com/ga/2019/04-28/8823050.shtml,中美贸易影响,香港,经济,市场,环球,增长,季,气氛,因素,营商,解决,陈茂波/茂波/计及/脱欧,香港/英国
一季度投资消费出口抢眼 外贸确保进出口稳中提质,http://www.chinanews.com/cj/2019/04-29/8823366.shtml,中美贸易影响,增长,投资,消费,一季度,经济,加快,进一步,回升,外贸,发展,林火灿/毛盛勇/徐洪才/刘学智/袁达/施策/蔺涛,中国
龙永图为内蒙古发展贡献六字真言：“城市群”“经济带”,http://www.chinanews.com/cj/2019/04-30/8825313.shtml,中美贸易影响,内蒙古,龙永图,讲座,首期,经济发展,中国,中美关系,经济带,发展,亮丽,李爱/龙永图/永图/余名/乔祥飞,呼和浩特/平城/中国/亚洲/内蒙古自治区/呼和浩特市/内蒙古/天黑/长江
广交会三期开幕 中国农产品出口量稳质升,http://www.chinanews.com/cj/2019/05-01/8825924.shtml,中美贸易影响,中国,出口,广交会,农产品,商会,采购商,订单,有望,带来,一季度,程景伟/菲特/廖洪举/汪德军,广州/中国/非洲/湖北/韩国/宁夏/印度/毛里求斯
台湾4月PMI指数上扬至扩张态势,http://www.chinanews.com/tw/2019/05-02/8826204.shtml,中美贸易影响,指数,扩张,呈现,制造业,业者,速度,台湾,紧缩,态势,连续,续升/陈思宽/续扬/回温/赖树鑫,台北/台湾/中国/大陆
香港楼市连升3个月令人大跌眼镜　分析称破顶之势几乎没有悬念,http://www.chinanews.com/ga/2019/05-02/8826368.shtml,中美贸易影响,楼价,楼市,香港,升,指出,预期,高位,顶,破,指数,梁今/位分析员/利嘉阁/陈海潮/黄良升/施永青/麦萃,香港/中国/美国
中国外贸一季度亮点突出 成全球贸易“稳定器”,http://www.chinanews.com/cj/2019/05-04/8826921.shtml,中美贸易影响,中国,外贸,增长,一季度,贸易,经济,进出口,国家,稳,态势,帅帅/李魁文/钱克明/刘学智/赵萍,中国/俄罗斯/沙特阿拉伯/埃及/东盟/日本
节后首日无逆回购 央行：流动性总量处于较高水平,http://www.chinanews.com/fortune/2019/05-05/8827481.shtml,中美贸易影响,央行,操作,货币政策,TMLF,利率,支持,意图,结构性,银行,流动性,高水平/王有鑫/刘国强/金诚/王青,
外交部就美方军舰驶近中国南海岛礁等问题答问,http://www.chinanews.com/gn/2019/05-06/8829088.shtml,中美贸易影响,中国,中方,美方,问,答,国际,G,国家,政治,美国,于本周/华盛顿/普雷贝尔/钟云号/阿拉克/纳汉/斯金纳,台湾/中国台湾地区/中国/台湾地区/台北/美国/新疆/南海/南沙群岛/赤瓜礁/布拉格/伊朗/英国/法国/德国/中东/中三/委内瑞拉/长沙/朝鲜/俄罗斯/高加索
香港外汇基金首季大赚1209亿港元 创季度新高,http://www.chinanews.com/ga/2019/05-06/8829188.shtml,中美贸易影响,首季,外汇,录得,基金,债券,投资收益,投资,进帐,表现,汇市,梁今/陈德霖/麦萃/余伟文,香港/美国
麻辣财经：中国经济行稳致远，靠的是什么？,http://www.chinanews.com/cj/2019/05-07/8829485.shtml,中美贸易影响,中国,经济,开放,市场,长假,消费,保险业,全球,对外开放,增长,张炜/海隔/单家/习近平/宜早/迟宜/肖远企/方式华,香港/九龙/中国/成都/华山/美国/东北/辽宁/黑龙江
社评：面对美方波动，最好的回答是淡定,http://www.chinanews.com/gn/2019/05-07/8829696.shtml,中美贸易影响,中国,美方,美国,谈判,贸易战,贸易,磋商,中方,关税,破裂,华盛顿/福特,中国/美国/白宫
另一个视角看汉能,http://www.chinanews.com/business/2019/05-07/8829934.shtml,中美贸易影响,汉能,汉,市场,资本,京东方,太阳能,特斯拉,空,企业,争议,汉能/李河君/泰普/尚德赛维/英利/金安桥/福布斯/伍德/特斯拉/庞氏/马斯克/汉瓦/亚马逊/周掌柜,香港/产业园/中国/长江/三峡/巴西/日本/西方/广东/美国/大陆/苏联/韩国/北京
多家国际投行调高中国增长预期 美媒：投资中国的春天来了,http://www.chinanews.com/cj/2019/04-14/8808588.shtml,中美贸易影响,经济,中国,报告,制造业,全球,增长,预计,经济学家,数据,预期,彭博社/摩根士丹利/吉塔戈皮纳特/伊桑哈里斯/高盛/马克西米/莱顿/屈宏斌/茱莉亚,美国/中国/日本/印度/英国
环球时报：耐心等候中美经贸协议的“瓜熟蒂落”,http://www.chinanews.com/gn/2019/04-08/8802847.shtml,中美贸易影响,协议,谈判,磋商,国,政治,中美,最终,两国政府,达成协议,美方,刘鹤/莱特希泽姆努钦/特朗普/谈九轮/国社会,白宫/美国/中国
世行新行长马尔帕斯 多边主义的怀疑者,http://www.chinanews.com/gj/2019/04-09/8803375.shtml,中美贸易影响,马尔帕斯,世行,美国,行长,世界银行,提名,中国,担任,包括,贷款,马尔帕斯/特朗普/戴维马尔帕斯/金墉/里根/贝尔斯登/摩根/罗伯特马尔帕斯/罗伯特/李巍/马尔帕斯特朗普/丁纯/罗斯/王受文/杰弗里格里什/欧洲人/韩裔/奥巴马/顾志娟,美国/华尔街/科罗拉多/丹佛/西班牙/大通/纽约/英国/中国/日本/德国/法国/东亚
食界四行业年报：74家有13家亏损,http://www.chinanews.com/cj/2019/04-09/8803387.shtml,中美贸易影响,业绩,亏损,生猪,企业,同比,白酒,增长,皇,下降,影响,圣牧/台成/比达/王皇/皇氏/盛世骄阳/温氏/华统/古井贡酒/拉高/毛利刚/台曾/厚丰/台称/保保/郭铁/郭铁夏/王子扬/张晓荣,非洲/中国/牧场/新疆/浙江/广东/燕塘/陆丰市/铜锣湖农场/西南/养殖场/广东省/拜泉/奶牛场/黑龙江省/拜泉县/黄河/上海/苏州/西安/桃李村/龙大/河南/河南省/正阳/江华/贵州/甘肃/凉州/深圳市
投资不过山海关？东北民企如何跨跨越“三座大山”,http://www.chinanews.com/cj/2019/04-09/8803490.shtml,中美贸易影响,企业,东北,融资,银行,中国,民营企业,发展,微,政策,市场,霍思伊/梁启东/习近平/姜有/王玉霞/刘非/郭树清/陈耀/李东生/贵而/姜有类/包中/陈雨露/安桂武/小富即安,东北/中国/难民营/上海/浙江/广东/辽宁省/辽宁/吉林/黑龙江/杭州/江浙/黑龙江省/吉林省/沈阳市/沈阳/深圳/江苏/西方/美国/山海关/鞍山/盘锦/抚顺/大连
港大预测香港全年经济增速放缓至2.3%,http://www.chinanews.com/ga/2019/04-09/8804407.shtml,中美贸易影响,香港,经济,增长,报告,增速,预测,公布,指出,低于,预计,,香港
降准之辩：该不该or何时降 专家：4月没有必要降准,http://www.chinanews.com/cj/2019/04-11/8805673.shtml,中美贸易影响,降,货币政策,准,央行,经济,政策,利率,流动性,市场,中国,杨明/高水平/易纲/曹远征/程实/程实宽/费正/鹰姿/鲍威尔/宓迪/侯润芳,中国/美国
中国经济能否为世界经济 增加“确定性”？,http://www.chinanews.com/cj/2019/04-12/8807303.shtml,中美贸易影响,经济,中国,世界,发展,企业,全球,政府,增长,政策,制造业,赵庆河/张立群/贺强/牛犁/李保东/张涛/肯特凯尔德/李稻葵/张宇燕/乔瓦尼特里亚,亚洲/中国/美国/意大利
一季度中国外贸开局平稳 民企进出口占比提升,http://www.chinanews.com/cj/2019/04-12/8807372.shtml,中美贸易影响,进出口,增长,我国,一季度,外贸,进口,出口,增速,占,总值,李魁文,东盟/日本/俄罗斯/沙特阿拉伯/埃及/东北/综合保税区
海关总署：中美经贸摩擦对企业经营有影响 但总体可控,http://www.chinanews.com/cj/2019/04-12/8807420.shtml,中美贸易影响,企业,李魁文,进出口,相关,总体,摩擦,情况,我国,国,海关,李魁文/杨可佳/李魁,美国/阿根廷
A股再现造富效应！你在这轮牛市中赚到钱了吗？,http://www.chinanews.com/stock/2019/04-13/8808209.shtml,中美贸易影响,股票,牛市,股市,A,股民,王,王晓生,小非,月,炒股,罗迪/凛冬/余一/余一未/余一由/小有/牛转/小非/巴菲特/牛熊切/王晓生/初王晓/王月,非买
中国金融领域知名校企携手战略合作 推动财富管理行业创新发展,http://www.chinanews.com/cj/2019/04-14/8808697.shtml,中美贸易影响,财富,合作,金融,发展,管理,中,资产,全球化,汇,配置,杨伏山/蒋竹衡/张伟/许善达/竹衡称/张伟汇,厦门/中国/美国/巴西/亚太区
“六禾经略”首站盛启西府大院 马光远解码2019塔尖财富秘籍,http://www.chinanews.com/business/2019/04-15/8809388.shtml,中美贸易影响,经济,中国,泰禾,人群,马光远,高净值,房地产,大院,西府,禾,马光远/水是,中国/多维度/北京
人民币中间价调升逾百点 年内汇率将继续波动走强,http://www.chinanews.com/fortune/2019/04-16/8810455.shtml,中美贸易影响,人民币,指数,汇率,经济,中美,市场,波动,兑,昨日,有望,苏诗钰/金诚/王青/王有鑫,中国/美国
2018年中国政商关系回顾：大事与大势,http://www.chinanews.com/gn/2019/04-16/8810607.shtml,中美贸易影响,企业,政府,政商,新,政策,地方,中国,资本,关系,治理,管数/吴小平/习近平/黄宗羲/范冰冰/特斯拉/车企/李克强/马斯克/李忠凯/任前/成网红/付林/凯奇莱/张文中/顾雏军/马云/数权/权健/曹林/苏宁/刘士余/吕鹏,深度广度/北京/高度肯定/中国/新疆/霍尔果斯市/亚洲/海南/上海/云南/楚雄/中华人民共和国/海淀区/内蒙古/吉林长春/秦岭/大陆/社区/资中
一季度中国进出口额同比增3.7% 专家：外贸向好态势明显,http://www.chinanews.com/cj/2019/04-17/8811641.shtml,中美贸易影响,中国,外贸,贸易,增速,一季度,态势,增长,同比,出口,伙伴,李晓喻/赵萍/强赵萍/赵萍称/于稳,中国/北京/东盟/日本
统计局：中美经贸磋商在持续释放积极信号,http://www.chinanews.com/cj/2019/04-17/8811701.shtml,中美贸易影响,世界,经济,毛盛勇,新闻,国际贸易,国民经济,一季度,摩擦,磋商,复苏,毛盛勇,
高位整固：沪指微涨0.29% 茅台创新高,http://www.chinanews.com/fortune/2019/04-17/8811875.shtml,中美贸易影响,市场,汽车,涨停,板块,报,中国,配置,企业,政策,预期,比亚迪/斯太尔/毛盛勇/郭台铭/慈惠宫/刘歆宇,中国/渤海/台湾地区/新北市/板桥/台湾/英国
3月环比增48.2% 新能源汽车仍是车市“火车头”,http://www.chinanews.com/cj/2019/04-18/8812359.shtml,中美贸易影响,新能源,汽车,崔东树,市场,政策,车,补贴,销量,车市,预期,崔东树/车企/官宣/张真,
制度、营商环境、监管要适应开放步伐,http://www.chinanews.com/cj/2019/03-28/8792566.shtml,中美贸易影响,服务业,中国,开放,服务,北京,发展,金融业,占,领域,金融,殷勇/李扬/胡祖/顾志娟,亚洲/中国/海南/北京市/美国/日本/北京/上海/西城区/朝阳区/东城区/中关村/通州
泰国央行维持1.75%基准利率不变,http://www.chinanews.com/gj/2019/03-20/8785555.shtml,中美贸易影响,经济,泰国,增长,泰国央行,利率,政策,上半年,放缓,基准利率,下调,王国安,曼谷/泰国/东南亚
台湾外销订单连续负成长 “贸易冲突”是企业心头大患,http://www.chinanews.com/tw/2019/03-20/8785593.shtml,中美贸易影响,台湾,贸易,企业,企业主,减少,市场,成长,订单,冲突,调查,吕明,台湾/台北/厦门/美国/印度/土耳其/中国/大陆/越南/德国
商务部：预计今年一季度中国外贸进出口将保持稳定,http://www.chinanews.com/cj/2019/03-21/8786655.shtml,中美贸易影响,进出口,高峰,春节,外贸,商务部,因素,影响,贸易,稳,中国,,中国/江苏/连云港
去年中国玩具出口波动较大 产业发展依然稳健,http://www.chinanews.com/cj/2019/03-21/8786864.shtml,中美贸易影响,玩具,中国,市场,教育,企业,STEAM,世界,产业,生产,美国,郭军/李卓明/启梦/卡达,广州/中国/广东省/美国/广东
彭博亚洲投资峰会：大湾区将带来新机遇,http://www.chinanews.com/cj/2019/03-22/8787013.shtml,中美贸易影响,湾区,香港,投资,带来,发展,峰会,区域,新机遇,彭博,机遇,彭博/林郑月娥/高逸雅,亚洲/湾区/香港
大盘缠斗3000点 3月份成土洋私募调研“旺月”,http://www.chinanews.com/fortune/2019/03-25/8789285.shtml,中美贸易影响,调研,投资,私募,医疗,资产,基金,QFII,均,次数,消费,成土洋/摩根士丹利/景林/星石/景林资/榕基/威迈瑞/富兰克林邓普顿,北京/永安/南兴/深圳市/亚洲/加拿大/上海/北美/美国/中国
中国在欧盟第三大投资目的地，为何是这个国家？,http://www.chinanews.com/cj/2019/03-25/8790186.shtml,中美贸易影响,法国,中国,法,合作,领域,国,中法,双边,市场,一带,侯雨彤/何伟文/陈新/马克龙/孙秋霞,中国/长江/武汉/哈萨克斯坦/俄罗斯/白俄罗斯/波兰/德国/欧亚大陆/法国/里昂/中欧/华中/欧洲/中华人民共和国/西安/非洲
3位诺贝尔经济学奖得主给了中国经济6条建议,http://www.chinanews.com/cj/2019/03-26/8790786.shtml,中美贸易影响,中国,经济,约瑟夫斯蒂格利茨,增长,美国,政策,梦,收入,全球,迈克尔斯宾塞,约瑟夫斯蒂格利茨/迈克尔斯宾塞/埃德蒙费尔普斯/梦一种,中国/北京/钓鱼台/美国
助力中小企业破局融入全球价值链敦煌网卖家大会举行,http://www.chinanews.com/business/2019/03-26/8790848.shtml,中美贸易影响,贸易,跨境,敦煌,网,卖家,服务,中小企业,全球,平台,市场,王树彤/李巍/熊韬/彭林/弗罗/杰布/布什,敦煌/深圳/达州/美国/中国
环球时报：经过一年风雨，中国社会承压能力更强了,http://www.chinanews.com/gn/2019/03-28/8792893.shtml,中美贸易影响,中国,贸易战,美国,社会,谈判,发展,美方,未来,经济,协议,华盛顿/少多/安签,北京/中国/美国/蒙上/华尔街
德系豪华车三强去年利润集体下滑 研发投入仍在加大,http://www.chinanews.com/auto/2019/03-28/8792962.shtml,中美贸易影响,奥迪,汽车,利润,企,奔驰,下滑,市场,新能源,宝马,增长,车企/师建华/伯蓝绍/戴姆勒/已达成/宋寅哲/曾未来/崔东树/王琳琳,中国/德国/欧洲
中美磋商越到关键处 越要扩大利益交集,http://www.chinanews.com/gn/2019/03-30/8795298.shtml,中美贸易影响,磋商,中国,共识,协议,文本,高级别,增长,全球,中,谈,刘鹤/莱特希泽/努钦/华盛顿/谈四轮/国元首,北京/中国/美国/阿根廷/亚洲
教育部今年拟抽检6000篇学位论文 项目拨款800万元,http://www.chinanews.com/gn/2019/04-03/8798739.shtml,中美贸易影响,预算,项目,部门,支出,公开,增加,中央,绩效,情况,组织,董鑫孟/赵萌/高语阳/刘晓雪,惠民/长江/南京/中国/湾区/美国/东京/北京
对降准无需过度期待和解读,http://www.chinanews.com/cj/2019/04-03/8799195.shtml,中美贸易影响,准,降,经济,市场,金融,货币,货币政策,央行,实体,利率,董希淼/成良药/易纲,
人民日报国际论坛：共同努力让合作的声音更强劲,http://www.chinanews.com/gn/2019/04-05/8801492.shtml,中美贸易影响,合作,中国,美国,世界,大国,发展,市场,磋商,国家,关系,吴绮敏/华盛顿/习近平/于用/拉加德/劳伦斯萨默斯/丘吉尔,中国/美国/南美洲/亚洲/大洋洲/英国/真如
共同努力让合作的声音更强劲(国际论坛,http://www.chinanews.com/gn/2019/04-06/8801578.shtml,中美贸易影响,合作,中国,美国,世界,大国,发展,市场,磋商,国家,国际,华盛顿/习近平/于用/拉加德/劳伦斯萨默斯/丘吉尔,中国/美国/南美洲/亚洲/大洋洲/英国/真如
美国前贸易代表谈中美磋商：为达成协议，双方都需让步,http://www.chinanews.com/gn/2019/04-07/8802356.shtml,中美贸易影响,谈判,巴尔舍夫斯基,美国,报道,中国,WTO,贸易,中美,协议,BBC,巴尔舍夫斯基/永图/克林顿/斯珀林/华盛顿/特朗普/莱特希泽/任副,美国/中国/北京/白宫/美中/加拿大/墨西哥
20句话速览李克强总理记者会精彩答问,http://www.chinanews.com/gn/2019/03-15/8781042.shtml,中美贸易影响,摄,经济,企业,总理,李克强,中国,发展,市场,政府,就业,李克强/盛佳鹏/崔楠/贵有恒/腾位/刘方/王东明/杜洋/杨维思,中国/杭州/符合中国
去年全国政协4567件提案获立案,http://www.chinanews.com/gn/2019/03-11/8776641.shtml,中美贸易影响,全国政协,委员,建议,霍启刚,服务,政协,国家,保护,履职,研究,赖明右/吴为山/潘建伟/霍启刚/石红左/陶冉/赖明/石红/刘佳义/习近平/李彦宏/张海迪/饶子/何强倪/侯润芳/徐晓/高小玫/少生/焦红/沙璐,银山/香港/湾区/中国/深圳/社区
学者：过度地依靠投资增长是饮鸩止渴,http://www.chinanews.com/cj/2019/03-11/8776750.shtml,中美贸易影响,投资,中国,增长,稳,政策,经济,新闻周刊,增速,导致,刘元春,刘元春/姜璇/施策/习近平/回缓,中国/江西/山东/江苏
央行行长易纲：中国绝不会把汇率用于竞争性目的,http://www.chinanews.com/cj/2019/03-11/8776856.shtml,中美贸易影响,汇率,中国,易纲,货币政策,市场,金融,征信,人民币,信用,经济,易纲美/易纲左/魏彤/易纲/陈雨露/潘功胜/范一飞/易纲中/易纲举/易纲称/少中性/高易纲/朱开云/孔令涵,中国/梅地亚
外交部就中美贸易磋商、波音飞机等问题答问,http://www.chinanews.com/gn/2019/03-12/8778444.shtml,中美贸易影响,中方,中国,美方,问,答,提到,国际,美国,希望,德国,陆慷/布朗巴克/李明哲/华盛顿/博尔顿/孟晚舟/特朗普/格雷内尔/蔡英文/帕劳/康明凯/曾美/刘鹤/莱特希泽/努钦/王受文/习近平,台湾/美国/中国台湾地区/中国/南海/加拿大/俄罗斯/德国/伊朗/瑙鲁/关岛/夏威夷/符合中国/台湾地区/朝鲜/北京/钟山
“四连涨”后成品油价新一轮调整或迎年内首次搁浅,http://www.chinanews.com/cj/2019/03-12/8778635.shtml,中美贸易影响,油价,原油,调价,市场,幅度,国内,搁浅,经纬,减产,国际,吴起龙/李彦/沙特/伦敦布伦特/隆众,美国/山东地区
人民币中间价“四连涨”,http://www.chinanews.com/cj/2019/03-14/8779994.shtml,中美贸易影响,人民币,中国,中间价,美元汇率,汇率,市场,升值,贸易谈判,外汇市场,交易日,刘利刚/易纲,北京/山西省/太原市/张云/中国
香港贸发局：今年首季出口指数反弹 港商信心回升,http://www.chinanews.com/ga/2019/03-14/8780240.shtml,中美贸易影响,指数,出口,季,贸发局,行业,预算案,图,就业,新,反弹,韩星童/关家明/陈茂波/茂波/利民生/麦尚旻/冯凯盈,香港/日本/美国/中国
特朗普的最新表态，暗示谈判中一个关键障碍被消除了,http://www.chinanews.com/gn/2019/03-14/8780487.shtml,中美贸易影响,特朗普,协议,会晤,达成协议,报道,中国,表态,贸易,领导人,达成,莱特希泽/彭博社/特朗普/陶然/海湖/侯宝林/令狐,美国/中国/白宫/桃园
李克强：中美贸易摩擦是中美的事 不会利用和损害第三方,http://www.chinanews.com/gn/2019/03-15/8780955.shtml,中美贸易影响,中欧,关系,李克强,发展,合作,看待,世界,会议,全国人大,心态,李克强/邢广利,西班牙/中欧/中国
李克强开诚布公答中外记者问 谈经济热题解民生难点,http://www.chinanews.com/gn/2019/03-15/8781230.shtml,中美贸易影响,李克强,总理,中国,经济,民生,企业,回答,就业,谈,政府,李克强/崔楠/侯宇/杜洋/付线/台媒,中国/朝鲜半岛/中欧/美国/符合中国/河内/台湾/大陆
李克强总理会见采访全国两会的中外记者并回答提问,http://www.chinanews.com/gn/2019/03-16/8781545.shtml,中美贸易影响,中国,发展,企业,政府,经济,李克强,减税,降,世界,市场,李克强/张业遂/邢广利/习近平/贵有恒/腾位/殷博古/朝美/彭博/管服/付线/费几年/韩方,北京/中国/韩国/东亚/河内/朝鲜/朝鲜半岛/社区/符合中国/大陆/台湾/城镇/东北/中欧/新加坡/亚洲/美国/偏远地区/香港/澳门/中华人民共和国/中日韩/日本/东北亚/东南亚
中美经贸磋商最新进展，这几天有点儿不寻常！,http://www.chinanews.com/gn/2019/03-16/8781675.shtml,中美贸易影响,磋商,莱特希泽,协议,美国,文本,谈判,努钦,新华社,姆,消息,刘鹤/莱特希泽/努钦/习近平/艾森豪威尔/莱特希泽姆努钦/官宣/特朗普,美国/白宫/北京/中国
外交部就中国进口美农产品、进口煤炭检测等答记者问,http://www.chinanews.com/gn/2019/03-19/8784517.shtml,中美贸易影响,中国,问,报道,答,中方,煤炭,进口,国家,中国政府,阿尔及利亚,耿爽/布特弗利卡/王毅/珀杜,阿尔及利亚/非洲/阿拉伯/周边地区/中国/澳大利亚/防城港/莫桑比克/马拉维/津巴布韦/印度/佛罗里达州/台湾/所罗门群岛/巴基斯坦
牛犁：五大方面为中国经济稳预期,http://www.chinanews.com/cj/2019/03-19/8784637.shtml,中美贸易影响,企业,开,经济,改善,作用,带来,牛犁,预期,起到,很大,牛犁/牛犁美/牛犁称,北京/中国
任正非接受BBC采访：感谢美国政府到处为我们做广告,http://www.chinanews.com/gn/2019/03-20/8784821.shtml,中美贸易影响,美国,华为,国家,中国,英国,任正非,法律,世界,东西,社会,任正非/邓小平/敢迈/任正/杨洁/门华为/钱险/孙亚芳/孟晚舟/盖完/盖完章/盖满/云社会/强未来/花几/利普斯维奇/欧洲平/特朗普/谈一谈/云时代/余承东/徐直军,美国/中国/深圳/西方/西华/欧洲/慕尼黑/英国/加拿大/剑桥/上车时/爱丁堡/布里斯托/伯明翰/德国/匈牙利/法国/意大利/莫斯科/达沃斯
陈碧勇：不确定的年份，我们越奋斗越幸福,http://www.chinanews.com/business/2019/03-20/8785065.shtml,中美贸易影响,发展,讯,市场,南讯,演讲,客户,业务,工作,事业部,产品,陈碧勇/才芳华/南讯/华南讯/杰俊,衢州/山南/凤凰/大同
工科到思政课到辅导员 他恨不得捕捉学生每一刻,http://www.chinanews.com/sh/2019/03-20/8785311.shtml,中美贸易影响,学生,王玉芬,辅导员,工作,郑同学,浙大,专题讲座,邀请,国际,老师,竺建江/王玉芬/保研/郑同学/吕有志/朱建军/湛/刘苏/周诗懿,海宁/中国
台湾出口连续4个月衰退 PMI连续4个月紧缩,http://www.chinanews.com/tw/2019/03-08/8775361.shtml,中美贸易影响,出口,增,产业,公布,台湾,PMI,连续,紧缩,指数,金额,陈思宽,台北/台湾
钟山：高技术产品出口已经占全国外贸出口的30%,http://www.chinanews.com/cj/2019/03-09/8775633.shtml,中美贸易影响,外贸,我国,稳,质量,民营企业,企业,发展,市场,工作,国际,文及/钱克明/李克强/习近平,钟山/中国/欧洲/高知
宁吉喆：去年消费增长对经济增长贡献达76.2%,http://www.chinanews.com/cj/2019/03-07/8773414.shtml,中美贸易影响,何立峰,中国,经济,企业,市场,消费,发展,会上,GDP,宁吉,宁吉/连维良/魏彤/何立峰/李岩,梅地亚/中国/城镇/广东/湾区/香港/深圳/横琴/珠海/澳门/广州/福建/天津
就业升到“优先级”传递哪些信号,http://www.chinanews.com/gn/2019/03-07/8773470.shtml,中美贸易影响,就业,工作,政府,稳,政策,经济,郑功成,宏观政策,城镇,代表,李克强/戴元湖/黄守宏/元湖/杨伟民/郑功成/周洪宇/姚劲波/杨杰刘,江苏省/城镇/江苏/中国/小城镇/美国
扶贫办：能将中美贸易摩擦对脱贫攻坚影响降到最低,http://www.chinanews.com/gn/2019/03-07/8773762.shtml,中美贸易影响,影响,脱贫,刘永富,贸易战,办法,中美,中国,打赢,攻坚战,希望,刘永富,新加坡/中国
5位AI主播讲述：这个关于民营企业的故事很有意思,http://www.chinanews.com/gn/2019/03-07/8774196.shtml,中美贸易影响,企业,检察院,案件,检察机关,检察官,民营企业,生产,高,技术,发展,张军/习近平/张某仅/王某/王克伟/释法/孙维远/满鑫/房某/高某/范东江/佟晓红/王阳/陈秀艳/师韩秋/郭凯/赵丙贵/双少敏/山西华/高丙伟/朱德琳/沈阳罕/刘彪/李健/董顺来/沈总/谢海霞/黄某进/蒋泽栋/文都/汪善祥/郑业精/欧阳水/陆应平/江涛/华朝晖/杨总/法施/小必/曾闽宏/汪存锋/公知/肖某/菁蓉/双创/罗某利/罗某/史绍丹,福建省/长泰县/江苏省/南京市/内蒙古/内蒙古自治区/赤峰市/巴林左旗/赤峰/山东/山东省/东平县/元宝山区/辽宁/辽宁省/营口市/盖州市/县/营口/北海/经济开发区/盖州/老边区/柳树镇/太平山村/盘山县/太平镇/张家村/浙江/浙江省/宁波市/镇海区/安徽/安徽省/桐城市/桐城/城镇/孔城镇/山西/吕梁/丹麦/福建/南安市/湖北/武汉/湖北省/荆州市/潜江/天津/北京/四川/四川省/成都市/成都
今年养老金中央调剂规模达6000亿,http://www.chinanews.com/cj/2019/03-08/8774425.shtml,中美贸易影响,脱贫,扶贫,刘永富,刘昆,养老金,攻坚战,增长,基金,攻坚,安排,刘昆/程丽华/刘伟/彭子洋/王晨/严堵/许雯/刘永富/沙璐,中华人民共和国/城镇/县/中国
海关总署：今年前2个月中国外贸进出口小幅增长0.7%,http://www.chinanews.com/cj/2019/03-08/8774872.shtml,中美贸易影响,增长,下降,进口,进出口,我国,出口,总值,占,均价,减少,,江苏/连云港/东盟/日本/中欧/美国
敦煌网举行2019买卖家见面会促成美国买家扩大采购,http://www.chinanews.com/business/2019/03-08/8774888.shtml,中美贸易影响,敦煌,网,平台,市场,服务,买家,卖家,产品,贸易,中小企业,王树彤/麦尔,敦煌/美国/亚特兰大/台中/北美/土耳其/法国
掷地有声！王毅这些话入情入理,http://www.chinanews.com/gn/2019/03-08/8775035.shtml,中美贸易影响,谈,中国,发展,国家,摄,外交,关系,维护,稳定,国务委员,王毅/陈晔华/陈杰/马娟/孟晚舟/王鹏/谈中美/沈伯韩/王毓国,中国/中欧/欧洲/中俄/惠民/中非/巴基斯坦/印度/阿富汗/凤凰/委内瑞拉/长江/恒河/南海/中南海
今年前两个月中国进出口同比微增0.7% 贸易顺差收窄,http://www.chinanews.com/cj/2019/03-08/8775061.shtml,中美贸易影响,增长,中国,进出口,总值,进口,出口,同比,外贸,收窄,数据,庞无忌/李超,北京/中国/江苏/连云港/东盟/日本/中欧/美国
沪指跌破3000点 A股“画风”突变？,http://www.chinanews.com/cj/2019/03-08/8775338.shtml,中美贸易影响,市场,经济,A,牛市,投资者,指,中长期,概率,行情,关注,张浪/范若滢/傅静涛,成都/北京/中国
肖亚庆：中国没有制度性的特殊安排给国企额外补助,http://www.chinanews.com/cj/2019/03-09/8775765.shtml,中美贸易影响,企业,国有企业,发展,进一步,肖亚庆,中国,贸易谈判,中央,期望,环境,肖亚庆/杰明/彭华岗/王骏,中国/美国
报告称，“寻找更好工作机会”成出国留学主驱动力,http://www.chinanews.com/sh/2019/03-09/8775854.shtml,中美贸易影响,留学,中国,学生,数据,意向,留学生,选择,显示,专业,人数,李妮,北京/中国/美国/英国/澳大利亚/新西兰/德国/法国/日本/韩国/欧洲/中国香港
2月份进出口究竟怎么样？这些数据给你好看,http://www.chinanews.com/cj/2019/03-09/8775990.shtml,中美贸易影响,进出口,出口,数据,春节,增长,我国,2月,海关总署,总值,影响,倪岳峰,东盟/日本/中国
易纲：决不会把汇率用于竞争目的 或作为贸易摩擦的工具,http://www.chinanews.com/cj/2019/03-10/8776255.shtml,中美贸易影响,汇率,中国,时间表,市场,刚才,机制,稳定,开放,影响,货币政策,易纲/陈雨露/潘功胜/范一飞/杜洋/迟宜,梅地亚/中国
中方是否在中美贸易磋商中就汇率让步？ 易纲回应,http://www.chinanews.com/cj/2019/03-10/8776284.shtml,中美贸易影响,越来越,汇率,中国,机制,讨论,贸易,方向,易纲,市场,改革,易纲/陈雨露/潘功胜/范一飞/杜洋,梅地亚/新加坡/中国/美国
关于货币政策、汇率、移动支付……你关心的央行今天都回答了,http://www.chinanews.com/cj/2019/03-10/8776392.shtml,中美贸易影响,中国,货币政策,市场,汇率,支付,支持,融资,经济,易纲,人民币,易纲/陈雨露/潘功胜/范一飞/少中性/易纲中,梅地亚/中国/湾区
香港媒体聚焦全国“两会”：冀中美贸易磋商达双赢协议,http://www.chinanews.com/gn/2019/03-10/8776496.shtml,中美贸易影响,磋商,贸易,协议,关税,企业,加征,文章,关注,国,两会,冀达/冀两国/文在/王受文/刘鹤/莱特希泽都/莱特希泽/肖亚庆,香港/北京/美国/符合中国/汉堡/中国
中国两会缘何令世界瞩目？,http://www.chinanews.com/ll/2019/03-01/8769016.shtml,中美贸易影响,中国,经济,世界,全国人大,外商投资,国家,法律,进一步,法草案,全球,西瓦/卡尔/脱欧/通沪,中国/美国/英国/白宫/印度/中华人民共和国/香港/澳门/西方
全国政协十三届二次会议首场新闻发布会召开 要点都在这里了,http://www.chinanews.com/gn/2019/03-02/8769634.shtml,中美贸易影响,全国政协,郭卫民,委员,发展,工作,协商,提出,讨论,推进,建设,郭卫民/习近平,中国/湾区/香港/澳门/台湾/北京
车主们请赶紧去加油！油价或现今年以来最大涨幅,http://www.chinanews.com/cj/2019/02-27/8766425.shtml,中美贸易影响,油价,上调,预计,幅度,升,原油,上涨,需求,调价,资讯,吴起龙/李彦/沙特/伦敦布伦特/隆众/卓创/元时代,委内瑞拉/利比亚/美国/山东/山东地区
张厚明：中国工业通信业发展呈现五大趋势,http://www.chinanews.com/cj/2019/02-27/8766467.shtml,中美贸易影响,我国,工业,发展,制造业,产业,通信业,技术,领域,国际,贸易摩擦,,美国/德国/日本/法国/印度/越南/泰国/东南亚/中国/东莞
如何防范中美贸易摩擦所带来的风险？证监会回应,http://www.chinanews.com/cj/2019/02-27/8766607.shtml,中美贸易影响,进一步,摩擦,证监会,市场,易会满,带来,上市公司,情况,发布会,贸易摩擦,易会满/施策/易主席,加大力度
油价调价窗口28日再开启 或年内首次“四连涨”,http://www.chinanews.com/cj/2019/02-28/8766921.shtml,中美贸易影响,油价,资讯,上调,美国,上涨,卓创,李彦,升,国内,幅度,邱宇/金硕/卓创/布伦特/隆众/李彦/欧佩克/沙特/张瑾怡,北京/美国
证监会主席易会满首秀 感受到什么叫火山口,http://www.chinanews.com/gn/2019/02-28/8766995.shtml,中美贸易影响,市场,易会满,资本,科创,证监会,板,投资者,企业,工作,监管,易会满/方星海/施策/宗欣/黄红元/占比大/罗峰,成都/北京/武汉/西安/成都市
国内成品油价今日或重回“7时代” 加满一箱油将多花11元,http://www.chinanews.com/cj/2019/02-28/8767116.shtml,中美贸易影响,原油,成品油,上调,资讯,经纬,油价,新,国内,减产,升,徐世明/布伦特/卓创/张瑾怡/沙特/李杨/李彦,俄罗斯/伊朗/委内瑞拉/美国/海南/外省市
2月制造业PMI小幅回落，专家称3月触底反弹可期,http://www.chinanews.com/cj/2019/02-28/8767510.shtml,中美贸易影响,指数,制造业,百分点,PMI,新,企业,下降,影响,蔡浩,称,赵竞凡/赵庆河/蔡浩,中国
商务部：第七轮中美贸易磋商在多方面取得实质性进展,http://www.chinanews.com/cj/2019/02-28/8767817.shtml,中美贸易影响,七轮,磋商,贸易,高峰,新闻,商务部,进展,实质性,汇率,进一步,国元首/刘鹤/莱特希泽/努钦/华盛顿,阿根廷/美国
华为发布5G折叠屏手机 新款手机迷倒日本“花粉”,http://www.chinanews.com/cj/2019/03-01/8768467.shtml,中美贸易影响,日本,华为,手机,屏,折叠,世界,产品,G,苹果,大会,李珍华/台里/海尔,日本/巴塞罗那/中国/东京/美国
郭卫民：看过《我不是药神》，印象很深,http://www.chinanews.com/gn/2019/03-03/8769718.shtml,中美贸易影响,郭卫民,社会,工作,全国政协,委员,发布会,新闻,环境治理,改革,发言人,郭卫民/应国/管服/束昱辉/曾志权/孟宏伟/杜江涛/苏辉/何强倪,湾区/中美合作/广东省/北京/汶川/中国
“新闻发言人老师”郭卫民：讲好中国故事 讲好政协故事,http://www.chinanews.com/gn/2019/03-03/8769932.shtml,中美贸易影响,郭卫民,新闻,发言人,发布会,全国政协,国新办,会议,中国,国务院新闻办,昨天,郭卫民/张龙/孙起孟/孙轶青/卢之超/李仁梁/金泉田/张国祥/吴建民/赵启正/吕新华/王国庆,中国/北京/上海/军营/汶川/湾区/怀远
郭卫民：直面犀利问题 展现“温柔的强硬”,http://www.chinanews.com/gn/2019/03-03/8769982.shtml,中美贸易影响,中国,郭卫民,新闻,发言人,发布会,关注,一带,全国政协,温柔,备受,郭卫民/王国庆/山高/少看,湾区/北京/中国/云南/怒江傈僳族自治州/西方
提车一周降34万 特斯拉车主称太刺激,http://www.chinanews.com/auto/2019/03-04/8770276.shtml,中美贸易影响,特斯拉,降价,Model,价格,车,顾客,称,店,北青报,售价,特斯拉/王高飞/刚买/车新/特斯拉依/力文并/王荣辉,北京/中国/美国/上海
泰康资产：港股或将“后来居上”,http://www.chinanews.com/business/2019/03-04/8770862.shtml,中美贸易影响,港股,市场,指数,资产,改善,A,泰康,情况,板块,布局,黄成扬/利得,
A股单日成交额再破万亿元 三大动能助沪指突破3000点,http://www.chinanews.com/cj/2019/03-05/8771320.shtml,中美贸易影响,板块,市场,资金,业绩,推荐,股份,个股,行业,政策,关注,张颖/温氏/唐人神/双升/戴维斯/向弱/高本周/依米/康捷/伦通/宝信/麦迪/高增/保利/房企/金科/瑞斯康达/莫高/音勒/芬森马/海澜,中原/中国/渤海/苏州/蛇口/新城/城中/广西/滨海/南极
携号转网何时实现、网约车怎么管……这些热点部长回应了！,http://www.chinanews.com/gn/2019/03-05/8771862.shtml,中美贸易影响,部长,假冒伪劣,通道,磋商,产品,摄,农村,环境,发展,台湾同胞,苗圩/侯宇/苗圩称/李小鹏/郭树清/郭树/特朗普/崔楠/少一分/倪岳峰/韩长赋/刘结,场部/东北/美国/中国/钟山/台湾
沪指强势收复3100点关口创反弹新高 成交再破万亿,http://www.chinanews.com/cj/2019/03-06/8772929.shtml,中美贸易影响,市场,涨幅,板块,指,震荡,估值,创业板,预期,年内,呈现,,安源/北京
A股三大股指放量暴涨 两市成交破万亿 券商股全线涨停,http://www.chinanews.com/cj/2019/02-26/8764569.shtml,中美贸易影响,人民币,汇率,市场,反弹,A,涨,风险,涨幅,板块,涨停,熊末/牛初/刘慎良/朱开云/程婕/盘收/特朗普/汪涛美/李刘阳/程实,中国/美国
3000点在望 两市成交破万亿 场外配资重现江湖,http://www.chinanews.com/cj/2019/02-26/8764593.shtml,中美贸易影响,市场,券商,A,牛市,资金,涨,行情,股市,风险,投资者,涨逾/易会满/杨德龙/特朗普/国元首/孙国峰/罗素/简配资/黄先生/王先生/贾向/贾说/小贾/邵宇/潘向东/李大霄/托底/王全浩/张思源/顾志娟/张妍,中国/爱建/上海/连阳/美国/阿根廷/中山/社区/北京
沪指站上2800点 A股牛市要来了？,http://www.chinanews.com/cj/2019/02-22/8762379.shtml,中美贸易影响,A,券商,市场,牛市,板块,估值,资金,中新社,乐观,近期,刘忠俊/陈康亮/沈正阳/杨德龙/张玉龙/牛来,四川/成都/北京/中国/锦屏
中欧合作共同推进WTO现代化改革,http://www.chinanews.com/gj/2019/02-24/8763051.shtml,中美贸易影响,WTO,贸易,改革,中国,中欧,全球化,现代化,欧盟,合作,发展中国家,王辉耀/余位/默克尔,中欧/欧洲/比利时/布鲁塞尔/欧洲各国/中国/多哈/慕尼黑
用“大豆逻辑”来看看中美贸易战,http://www.chinanews.com/gn/2019/02-24/8763201.shtml,中美贸易影响,大豆,美国,利益,贸易战,中国,需求,发展,国家,中美,特朗普,特朗普/刘鹤/努钦/白谈/莱特希泽/珀杜/远利/陶然/令狐,美国/中国/巴西/新兴国家
中美谈判正进入最关键阶段 这三个问题必须搞清楚,http://www.chinanews.com/gn/2019/02-24/8763202.shtml,中美贸易影响,中国,美国,大豆,特朗普,肯定,进口,谈判,备忘录,贸易战,MOUs,特朗普/刘鹤/莱特希泽/莱特希泽当/珀杜,白宫/中国/美国/巴西
最新一轮中美磋商结束了 释放了三个清晰的信号,http://www.chinanews.com/gn/2019/02-25/8763845.shtml,中美贸易影响,谈判,中国,协议,最终,磋商,美国,特朗普,国家,时间,利益,华盛顿/完谈/国元首/特朗普/刘鹤/海湖,阿根廷/中国/美中/美国/白宫/日本/德国/法国
A股周一开盘大涨 券商股、华为概念股集体上涨,http://www.chinanews.com/cj/2019/02-25/8763884.shtml,中美贸易影响,A,华为,中国,板块,涨,市场,MateX,发布,涨幅,金融,陈康亮/张启尧/启尧,北京/中国/安源/西班牙/巴塞罗那
社评：中美走到谈协议文本，双方更需理性,http://www.chinanews.com/gn/2019/02-25/8763913.shtml,中美贸易影响,协议,文本,国,磋商,贸易战,中国,贸易,舆论,中美,需,习近平/刘鹤/莱特希泽/努钦/华盛顿/国元首/特朗普/国社会,美国/阿根廷/中国
10406亿元！A股成交回牛市水平！春天来了？,http://www.chinanews.com/cj/2019/02-25/8764115.shtml,中美贸易影响,市场,A,券商,上涨,指,涨,证券,牛市,股市,G,刘忠俊/程春雨/姚露/涨超/普涨/张启尧/潘向东/于宽/议息,北京/中国/华中/张云
沪指周一涨逾5% 创三年半来最大单日涨幅,http://www.chinanews.com/cj/2019/02-25/8764214.shtml,中美贸易影响,市场,涨幅,板块,A,近期,券商,中新社,报,策略,中国,陈康亮/涨逾/刘忠俊/申万/桂浩明/李巍,北京/中国
A股成交量再破万亿 一片涨声中，短线调整风险加大,http://www.chinanews.com/cj/2019/02-26/8764660.shtml,中美贸易影响,昨天,线,涨停,大盘,市场,券商,暴涨,资金,上周五,指数,俞毅/易嘉/王志强/初钱哥/沙龙/李姓/程先生,
人民币中间价大幅调升179点！创去年7月以来新高,http://www.chinanews.com/cj/2019/02-26/8764798.shtml,中美贸易影响,汇率,人民币,涨,航空,市场,磋商,强势,兑,均,预期,王有鑫/张瑜/易升难/瑞茂/涨逾/高开新,中国
三大股指盘中小幅翻绿 3000阻力区“且战且退”,http://www.chinanews.com/stock/2019/02-26/8764992.shtml,中美贸易影响,行情,券商,板块,市场,上涨,行业,A,金融,因素,政策,高开/涨逾/普涨/熊牛,中原/西宁
华南美国商会：美中合则两利、斗则俱伤,http://www.chinanews.com/gn/2019/02-26/8765493.shtml,中美贸易影响,企业,中国,美资,受访,报告,投资,特别,华南,美国商会,国,王华/哈利/华盛顿,广州/华南/中国/美国/大陆/日本/韩国/东南亚/澳大利亚/新西兰/加拿大/湾区/美中
湖南2018年新批台资项目增长超三成 多项惠台措施持续发力,http://www.chinanews.com/cj/2019/02-26/8765612.shtml,中美贸易影响,湖南,台资,投资,发展,台胞,企业,出台,创业,台湾,肖祥清,付敬懿/肖祥清/惠台/荣祺/台企,长沙/湖南/台湾/湖南省/常德/泉州/昆山/株洲市/产业园/上海/湘潭市/株洲/高新区
油价年内首个“四连涨”将落地,http://www.chinanews.com/cj/2019/02-27/8765808.shtml,中美贸易影响,走高,成品油,市场,需求,提振,谨慎,原油,销售,放缓,涨幅,张鑫/布伦特/原期,俄罗斯/伊朗/委内瑞拉/美国/浙江/中国/河北/福建/江西/四川/江苏/山东
中国买家境外地产投资大撤退 去年抛售120亿美元物业,http://www.chinanews.com/cj/2019/02-27/8765933.shtml,中美贸易影响,投资,地产,境外,国内,投资者,戴德梁行,资产,中国,显示,中资,伦敦/汤森/戴德梁行/脱欧/张令青,英国/中国/美国/马来西亚/中国香港/香港/中国香港地区/澳大利亚
给场外高杠杆配资戴上“紧箍咒”,http://www.chinanews.com/fortune/2019/02-27/8766070.shtml,中美贸易影响,投资者,配,资,资金,市场,A,场外,成交,上涨,关注,谭浩俊,
2018年澳门总体储备投资回报15.8亿澳门元,http://www.chinanews.com/ga/2019/02-20/8759886.shtml,中美贸易影响,投资,储备,录得,金融,回报,管理局,环球,盈利,澳门特区政府,市场,,澳门/欧美各国
人民币中间价升至2月1日以来新高 专家：今年将企稳,http://www.chinanews.com/fortune/2019/02-21/8760405.shtml,中美贸易影响,人民币,美联储,汇率,市场,兑,经济学家,货币政策,升值,加息,首席,程实/放鸽/邓海清/任泽平,华尔街/中国/美国
大数据+AI：科技融合应用解决实体经济痛点,http://www.chinanews.com/business/2019/02-18/8757648.shtml,中美贸易影响,企业,数据,微,金融,融资,金融机构,平台,科技,人工智能,联行,曾四次/范晓忻/金电/风控/关键范/晓忻,加大力度/中国/上海/嘉定区/嘉定/北京
成交5477亿，仅15股下跌，谁在推动A股连续上涨？,http://www.chinanews.com/cj/2019/02-18/8757702.shtml,中美贸易影响,A,融资,股市,数据,市场,潘向东,预期,社会,信用,宽,程春雨/姚露/刘忠俊/潘向东/方星海,北京/中国/张云
驻英大使：中国经济发展依然强劲，将给世界带来更多机遇,http://www.chinanews.com/gj/2019/02-19/8758131.shtml,中美贸易影响,中国,经济,世界,增长,英国,发展,超过,国际,新,社会,伦敦/张平/刘晓明,中国/英国
1300多亿新增资金入市 A股现百股涨停,http://www.chinanews.com/cj/2019/02-19/8758148.shtml,中美贸易影响,市场,行情,涨,资金,王志强,投资者,调整,A,春季,昨天,牧容/代恒桥/易嘉/王志强/钱哥/沙龙,深圳/长阳
外交部就伊朗议长访华、中美经贸磋商等问题答问,http://www.chinanews.com/gn/2019/02-19/8758776.shtml,中美贸易影响,中方,中国,国家,合作,问,发展,伊朗,希望,关系,答,耿爽/沙特/穆罕默德/沙特瓜达尔/瓜达尔/王毅/拉里贾尼/扎里夫/阿德恩/华盛顿/习近平/刘鹤/莱特希泽/努钦/国元首/伊姆兰汗/印控/巴印,巴基斯坦/伊朗/中国/伊斯兰/新西兰/新中/西方/塔吉克斯坦/美国/阿根廷/克什米尔/印度/南亚/南亚地区/湾区
2019新春开市 中国经济六问,http://www.chinanews.com/cj/2019/02-20/8759160.shtml,中美贸易影响,经济,中国,汇率,人民币,放松,影响,房地产,我国,调控,投资,王红茹/袁钢明/汪同三/袁钢/国均/沈建/特朗普/汪同/盛松成/高培勇/花长春/房住/沈建光/陆挺/李超,中国/北京/江苏省/武汉市/广西/北部湾/上海/重庆/杭州/济南/美国/山东/菏泽/广州/深圳/珠海
节后沪指“涨涨涨”，两市成交突破6000亿元,http://www.chinanews.com/cj/2019/02-20/8759299.shtml,中美贸易影响,市场,两市,板块,上涨,保险,A,涨停,盈利,个股,牛市,王全浩/广弘/华融/张玉龙/杨德龙/王晨,湾区/珠江/广州/珠海/中国/北京
"春天里,股市“红包”会持续吗",http://www.chinanews.com/fortune/2019/02-20/8759777.shtml,中美贸易影响,A,市场,两市,持续,资金,股市,上涨,行情,成交,涨,梁敏/荀玉根/熊周/潘向东,泰安
农业农村部：大豆市场供给以进口为主的格局不会变,http://www.chinanews.com/cj/2019/02-20/8759782.shtml,中美贸易影响,大豆,中国,农业,进口,市场,计划,振兴,结构,发展,新,韩长赋/吴宏耀,中国
谁才是2019年汽车市场的“火车头”,http://www.chinanews.com/auto/2019/02-21/8760551.shtml,中美贸易影响,市场,汽车,品牌,销量,新能源,增长,奥迪,奔驰,宝马,中国,全靠/全年华/曹鹤/德奥达/张帅/崔东树/凯迪拉克/凯迪拉克华/凯迪拉克高/雷克萨斯/凯迪拉克雷克萨斯/英菲尼迪/桑之未/李书福/衡远/比亚迪/王传福/车电/福特/张真,中国/北京/武汉/湖北/新曹
第七轮磋商马上开始：结果如何，事在人为,http://www.chinanews.com/gn/2019/02-21/8760564.shtml,中美贸易影响,美国,谈判,节奏,谈,没,态度,中国,美方,朋友,结构性,华盛顿/斯蒂芬/欧林斯/循知/陶然/莱特希泽/努钦/谈越越/令狐,美国/北京/中国
做好以开放促改革的大文章！驾驭“中国号”巨轮行稳致远,http://www.chinanews.com/cj/2019/02-21/8760572.shtml,中美贸易影响,发展,经济,开放,改革,我国,世界,国际,全球,推动,新,习近平/于己/西降南/单兵/危即机/危美/毕吉耀,中国/海城市/内陆地区/东亚
2018年台湾制造业产值同比增6.49%,http://www.chinanews.com/tw/2019/02-21/8761115.shtml,中美贸易影响,产值,同比,增长,制造业,业,经济,影响,电子产品,台湾,增,金属业,台北/台湾
2018年中国境外房地产投资总额同比下降63%,http://www.chinanews.com/house/2019/02-22/8761761.shtml,中美贸易影响,投资,地产,境外,显示,投资者,戴德梁行,房地产,下降,中国,同比,阮煜琳/戴德梁行/脱欧/张令青,北京/中国/香港/美国/澳大利亚/英国
沪指周五涨近2%突破2800点 券商板块现“涨停潮”,http://www.chinanews.com/cj/2019/02-22/8762042.shtml,中美贸易影响,涨幅,板块,券商,A,市场,分析师,中国,中新社,乐观,上涨,陈康亮/沈正阳,北京/中国/安源/锦屏
香港贸发局：今年将开展多项活动推广大湾区,http://www.chinanews.com/ga/2019/02-22/8762304.shtml,中美贸易影响,香港,湾区,市场,香港贸发局,活动,企业,推广,介绍,一带,包括,刘辰瑶/罗康瑞,湾区/香港/美国/洛杉矶/亚洲/菲律宾/马尼拉
1月中国棉纺织行业景气度略显低迷 2月有望回升,http://www.chinanews.com/cj/2019/02-22/8762361.shtml,中美贸易影响,企业,生产,中国,棉纺织,下降,相比,指数,行业,产品,库存,张斌/闫晓虹,福建省/尤溪县/北京/中国
宽信用政策见效！1月信贷社融数据超预期回升,http://www.chinanews.com/cj/2019/02-15/8755625.shtml,中美贸易影响,贷款,信贷,数据,经济,央行,货币政策,金融,经纬,社,新,赵竞凡/王潮/蔡浩/苏宁/黄志龙,中国/连平
1月外汇储备上升152亿美元 连续三个月回升,http://www.chinanews.com/cj/2019/02-12/8751353.shtml,中美贸易影响,外汇储备,我国,规模,有望,汇率,因素,人民币,跨境,全球,经济,顾志娟/金诚/王青/周茂华,中国/美国
A股持续上涨 沪指五连涨突破2700点,http://www.chinanews.com/stock/2019/02-13/8753149.shtml,中美贸易影响,A,中国,市场,资金,政策,中新社,提振,涨幅,报,上证综指,陈康亮/刘忠俊/肖世俊/摩根士丹利/华鑫,北京/中国/成都
港股猪年涨势未止 恒指升穿“牛熊分界线”,http://www.chinanews.com/ga/2019/02-13/8753257.shtml,中美贸易影响,升,港股,中新社,连升,成交,飙升,市,市场,气氛,中国,梁今/全日总/瑞声/彭伟新,香港/中国/上海/银河/尚志/日本/华山
人民币汇率动态企稳成常态,http://www.chinanews.com/cj/2019/02-14/8753401.shtml,中美贸易影响,人民币,汇率,中国,贸易,兑,市场,美联储,升值,加息,篮子,敬伟/高盛/特朗普/国元首/托底,北京/中国/美国/白宫
英国经济将经历漫长寒冬,http://www.chinanews.com/gj/2019/02-14/8753591.shtml,中美贸易影响,英国,经济,脱欧,影响,增长,协议,贸易,脱,不确定性,下降,脱欧/伦敦/翩宇/凛冬/卡尼/英欧/凯瑞/马翩宇,英国/欧洲/德国/法国
海关总署：1月份中国外贸进出口增长8.7%,http://www.chinanews.com/cj/2019/02-14/8753827.shtml,中美贸易影响,增长,进口,中国,进出口,1月,占,出口,总值,下降,均价,,中国/东盟/日本/中欧/美国
1月中国进出口增速好于预期 全年外贸有望稳定增长,http://www.chinanews.com/cj/2019/02-14/8753932.shtml,中美贸易影响,中国,外贸,增长,进出口,去年同期,增速,进口,同比,数据,态势,骆云飞/李晓喻,北京/中国/东盟/日本
海关总署：1月份我国外贸进出口增长8.7%,http://www.chinanews.com/sh/2019/02-14/8754014.shtml,中美贸易影响,增长,进口,进出口,占,总值,出口,1月,下降,我国,均价,王丹,东盟/日本/中欧/美国
1月CPI预计维持在2%以内，年内通胀预期减弱,http://www.chinanews.com/cj/2019/02-14/8754466.shtml,中美贸易影响,价格,连平,下降,PPI,因素,回升,同比,预计,影响,油价,赵竞凡/张义华/卓创/沙特/周频,连平/北美
1月我国贸易顺差超出预期 一般贸易进出口增长13%,http://www.chinanews.com/cj/2019/02-15/8754949.shtml,中美贸易影响,外贸,增长,我国,1月,贸易,进出口,出口,发展,民营企业,数据,杨长湧/李魁/储士家/顾阳,中国/东盟/中欧
林郑月娥期望金融界携手特区政府推动大湾区资金流动,http://www.chinanews.com/ga/2019/02-15/8755793.shtml,中美贸易影响,香港,特区政府,林郑月娥,市场,推动,债券,绿色,资金,发展,内地,林郑月娥/脱欧,湾区/香港/英国
中美新一轮磋商结束了，这五个细节很意味深长,http://www.chinanews.com/gn/2019/02-16/8755920.shtml,中美贸易影响,磋商,中美,努钦,姆,合作,美国,中国,莱特希泽,团队,原则,习近平/莱特希泽/努钦/李学仁/刘鹤/申宏/特朗普/国元首/殷博古/华盛顿/罗斯/周刘鹤/少发/回熟/危中,美国/北京/白宫/阿根廷/中国/太平洋
社评：中美贸易磋商渐近“冲刺速度”,http://www.chinanews.com/gn/2019/02-16/8756019.shtml,中美贸易影响,磋商,谈判,贸易,国,达成,团队,纠纷,冲刺,共识,中美,习近平/华盛顿/特朗普,中国/北京/阿根廷
社评：中美贸易磋商渐近“冲刺速度”,http://www.chinanews.com/cj/2019/02-16/8756230.shtml,中美贸易影响,磋商,谈判,贸易,国,达成,团队,纠纷,冲刺,共识,中美,习近平/华盛顿/特朗普,中国/北京/阿根廷
杨洁篪：希望美方同中方一道落实好两国元首共识,http://www.chinanews.com/gn/2019/02-17/8756402.shtml,中美贸易影响,杨洁篪,发展,中国,合作,国家,中方,美方,稳定,世界,人民,杨洁篪/彭大伟/习近平/特朗普/毛泽东/周恩来/尼克松,慕尼黑/美国/法国/中国/欧洲/南海/印度/朝鲜半岛/东北亚
中美经贸磋商就主要问题达成原则共识,http://www.chinanews.com/gn/2019/02-17/8756762.shtml,中美贸易影响,中国,磋商,解决,共识,中美,日本,经济,贸易摩擦,贸易,推动,刘鹤/莱特希泽/努钦/华盛顿/国元首/朱民/习近平/梁明美/奥尔布赖特/瑞达/特朗普/夏尊/梁明多/梁明/李旻/卢迈/肖振生/张勤/刘颖丁/孙艳张/郑天皓/戈晓威/朱赫/王海东/熊伟,北京/钓鱼台/美国/阿根廷/中国/达沃斯/日本
经济日报：不断增强外贸内生动力,http://www.chinanews.com/cj/2019/02-18/8757205.shtml,中美贸易影响,外贸,我国,发展,增速,数据,进出口,加大,计价,增长,出口,忧忧/顾阳,东盟/发展路
香港财政司长：新一份财政预算案将致力稳经济利民生,http://www.chinanews.com/ga/2019/02-18/8757520.shtml,中美贸易影响,香港,经济,预算案,增长,陈茂波,外围,新,全年,估计,撑,陈茂波/利民生/洪少葵/茂波/脱欧,香港/英国
A股周一大涨 沪指涨逾2%创年内新高,http://www.chinanews.com/cj/2019/02-18/8757617.shtml,中美贸易影响,中国,A,市场,数据,未来,报,涨幅,1月,显示,桂浩明,陈康亮/涨逾/桂浩明,北京/中国
评论：中美元首共识引领贸易磋商在轨前进,http://www.chinanews.com/gn/2019/02-01/8745828.shtml,中美贸易影响,中国,贸易,磋商,中美,国,分歧,共识,谈判,利益,最终,华盛顿/特朗普/刘鹤/习近平/国元首/谈越,阿根廷/中国/美国/北京
2018年度工业经济平稳运行 景气位于正常区间,http://www.chinanews.com/cj/2019/01-31/8744108.shtml,中美贸易影响,工业,增长,企业,经济,制造业,投资,发展,景气指数,下降,增速,庄芹芹/吴滨,中国/美国/东盟
张海旺：提振信心持续推进工业高质量发展,http://www.chinanews.com/cj/2019/01-31/8744290.shtml,中美贸易影响,工业,企业,市场,制造业,行业,高端,发展,百分点,11月,同比,张海旺/施策,
